PostsCount,LikesPerPost,MessagesSent,PhotosPerDay,Topic,classes
46,776,824,2.34,0,0
217,512,164,3.42,1,0
125,460,1091,4.22,0,0
197,875,1605,2.82,3,1
378,347,402,4.31,2,0
103,481,724,2.44,4,1
325,160,1386,4.24,5,0
46,551,980,2.97,5,1
253,493,202,2.78,1,0
390,129,1824,3.71,0,0
308,491,513,1.25,0,0
449,290,1499,1.46,2,0
163,568,765,4.06,5,1
57,102,232,1.86,3,0
300,358,569,4.3,5,0
451,615,1222,1.6,0,0
403,355,793,2.41,4,0
372,508,1112,2.62,1,0
285,691,901,3.97,2,0
52,359,507,3.89,0,0
220,332,1749,1.83,5,1
97,839,1716,0.49,3,1
316,879,845,1.2,5,0
403,485,1528,3.57,2,0
140,414,635,2.32,1,0
249,443,353,0.38,0,0
152,210,606,2.35,0,0
194,349,241,3.95,1,0
434,891,1307,0.72,3,0
375,495,1562,1.79,4,0
425,334,952,3.79,0,0
315,74,1485,2.83,4,0
214,763,342,0.76,4,0
109,158,276,3.92,2,0
457,923,1012,1.63,2,0
122,363,984,2.04,2,0
216,521,903,0.58,0,0
108,322,1113,2.99,4,1
119,150,1094,4.34,1,0
193,927,674,3.32,4,1
69,865,1318,2.85,2,1
66,651,349,1.8,0,0
239,230,919,3.51,2,0
319,350,1559,3.83,4,1
300,927,1783,1.63,2,0
283,402,1547,3.15,2,0
264,558,436,0.81,0,0
372,537,1457,1.93,0,0
145,872,204,3.19,0,0
51,303,928,0.53,0,0
214,208,136,1.08,0,0
171,501,891,1.56,5,1
298,384,1430,4.53,5,1
403,263,1600,2.96,4,0
132,194,360,4.52,5,0
216,673,658,1.86,0,0
212,426,825,3.58,4,1
327,637,1689,2.61,5,1
170,841,1716,1.63,4,1
447,116,1016,1.15,1,0
214,332,1676,2.84,2,0
296,481,1316,1.51,2,0
142,658,1406,3.6,5,1
391,283,161,3.69,3,0
467,386,1290,0.84,3,0
293,767,895,2.42,1,0
357,510,1175,0.72,4,0
277,81,191,1.44,4,0
430,149,1447,0.76,1,0
132,665,852,3.59,4,1
359,264,779,0.75,0,0
52,291,1039,3.99,2,1
417,537,136,0.66,1,0
107,879,850,0.84,4,1
213,353,907,0.77,4,0
378,697,1475,0.94,1,0
383,568,179,4.17,3,0
36,907,1564,1.56,0,0
467,446,1705,2.47,4,0
148,568,1367,2.46,3,1
111,478,878,0.44,2,0
168,839,830,2.77,1,0
366,706,664,0.97,0,0
374,293,1149,1.09,2,0
353,465,674,3.35,1,0
63,216,1122,0.44,1,0
396,121,1818,1.93,1,0
343,544,495,1.15,4,0
107,812,1255,0.92,4,1
282,246,1477,3.05,3,0
390,441,1783,4.3,5,1
397,265,131,2.91,0,0
415,619,1862,2.75,5,1
280,127,1773,3.23,2,0
138,203,1323,3.8,0,0
98,240,734,1.81,4,0
121,318,1291,2.01,0,0
105,471,641,4.11,4,1
83,134,483,1.31,3,0
457,772,1078,3.1,4,1
57,416,1512,0.68,2,0
131,719,372,3.8,1,0
321,607,1751,2.44,0,0
216,152,698,1.05,5,0
173,753,1708,0.46,2,0
157,781,709,3.77,5,1
102,634,1290,0.91,4,1
154,709,559,3.48,4,1
435,596,1503,2.8,2,0
85,312,224,1.09,5,0
391,532,858,1.87,0,0
455,500,924,3.0,4,0
458,512,456,2.9,4,0
385,296,602,2.11,3,0
299,738,1019,2.84,2,0
230,366,657,4.57,5,1
91,428,1723,3.05,1,1
437,725,1699,4.14,0,0
266,751,423,1.34,1,0
231,880,445,2.57,0,0
206,98,1145,4.39,5,0
355,487,1500,2.86,1,0
321,878,1706,4.16,5,1
164,637,621,1.85,2,0
110,572,796,2.01,5,1
63,321,818,2.5,4,1
173,546,1745,3.23,5,1
376,733,447,1.6,1,0
48,853,387,1.76,3,1
400,336,256,0.6,0,0
212,749,1006,2.51,4,1
383,390,839,4.4,2,0
445,723,215,1.99,1,0
223,357,706,3.87,0,0
50,611,1773,3.93,5,1
438,314,751,2.44,4,0
157,784,1435,2.05,5,1
255,223,823,2.86,0,0
335,314,1858,4.03,5,1
342,665,795,2.5,0,0
96,715,823,2.33,5,1
173,603,1198,1.78,1,0
167,881,1147,4.15,2,1
242,568,1296,0.88,3,0
455,550,909,2.94,2,0
393,213,818,3.43,1,0
440,343,659,2.52,0,0
62,797,984,2.8,1,1
265,272,1637,3.22,4,1
82,402,707,0.63,1,0
76,82,911,3.68,2,0
462,790,169,2.0,4,0
402,584,424,4.61,5,0
108,706,159,4.4,1,0
343,439,306,3.3,0,0
418,371,1422,2.44,0,0
229,634,682,1.65,3,0
281,287,1398,2.72,2,0
62,246,562,2.0,1,0
127,896,265,3.13,3,0
388,259,1306,4.43,1,0
407,493,1648,1.95,5,1
186,354,1048,1.49,0,0
365,671,1734,1.11,0,0
127,597,1691,1.16,2,0
232,380,769,4.02,1,0
346,319,169,3.57,2,0
129,605,1108,2.33,5,1
91,247,836,4.28,3,1
416,77,1724,0.97,2,0
270,271,896,3.22,3,0
415,338,941,4.29,2,0
334,541,165,0.37,2,0
340,332,1778,4.63,4,1
256,221,1462,0.53,1,0
53,668,694,2.08,4,1
124,739,1428,2.72,4,1
351,704,148,2.89,4,0
54,782,725,1.45,2,1
64,112,1863,3.49,5,1
281,338,1051,2.54,0,0
390,334,383,2.56,1,0
425,631,999,0.83,1,0
339,473,1140,2.44,1,0
137,699,1435,1.37,2,1
124,452,482,3.92,3,1
60,556,160,2.15,3,0
174,627,1297,4.51,2,1
268,194,427,4.14,1,0
212,718,481,3.51,1,0
275,328,282,2.55,2,0
448,515,770,0.98,0,0
98,385,1673,1.81,3,1
453,651,1674,1.48,3,0
169,124,1805,3.47,2,0
123,582,1339,3.61,0,0
116,465,1327,2.09,2,1
285,905,979,4.54,4,1
67,511,460,2.67,4,1
466,183,746,3.28,1,0
326,314,821,4.36,2,0
267,928,1400,1.18,3,0
290,467,344,3.77,5,0
415,290,911,3.31,4,0
360,863,1546,1.52,3,0
206,114,1269,1.52,4,0
148,431,383,4.4,4,1
85,907,1038,4.49,2,1
207,817,875,4.41,2,1
404,733,987,0.83,2,0
262,694,927,1.75,0,0
267,757,1599,2.67,3,1
327,511,435,2.88,3,0
205,121,392,0.4,3,0
225,750,458,3.16,4,1
376,71,237,1.69,1,0
169,163,820,1.97,1,0
175,613,370,3.04,1,0
369,360,175,0.48,5,0
362,721,1148,3.98,3,1
227,307,493,0.44,0,0
221,232,704,1.22,3,0
244,469,655,2.48,1,0
159,406,1477,0.37,4,0
187,462,313,3.66,2,0
158,84,613,4.37,2,0
245,648,1133,3.93,5,1
407,148,1730,4.38,3,0
105,286,1710,2.16,1,0
455,764,986,3.45,2,0
398,758,1345,3.59,3,1
367,416,801,3.41,3,0
282,464,1009,2.0,4,0
334,366,1185,0.56,5,0
288,599,1699,2.43,3,1
187,393,974,1.81,5,0
86,497,198,3.2,1,0
41,700,519,2.16,0,0
238,301,137,3.59,0,0
199,271,301,2.09,3,0
177,450,654,2.76,2,0
394,448,722,2.85,5,0
39,800,641,3.42,2,1
355,518,1799,4.65,4,1
258,899,257,2.82,3,0
240,394,1542,3.95,1,0
356,426,1023,1.1,1,0
356,800,1004,0.48,4,0
404,793,1196,2.41,3,0
449,417,196,3.26,0,0
124,734,618,2.5,5,1
182,754,508,2.68,2,0
208,565,1434,3.07,5,1
231,267,1777,1.72,1,0
150,550,988,3.4,5,1
320,496,244,3.77,1,0
326,777,407,3.65,3,0
406,109,656,1.89,1,0
366,912,1312,4.46,4,1
140,473,931,3.88,4,1
224,93,364,4.39,0,0
391,349,684,3.76,1,0
66,492,326,4.03,3,1
192,383,1018,1.62,2,0
449,642,934,1.08,3,0
220,502,1522,1.46,2,0
253,119,326,4.0,4,0
204,549,135,0.47,5,0
401,696,912,3.6,5,1
303,658,458,4.2,2,0
326,305,758,2.09,2,0
389,479,183,2.4,1,0
245,906,1110,3.09,1,0
297,791,918,1.47,2,0
119,286,323,1.55,5,0
55,758,333,0.58,2,0
52,653,1221,1.89,2,1
436,733,1572,3.99,3,1
82,498,1542,3.58,5,1
266,261,1757,3.93,4,1
228,901,1618,3.32,3,1
111,896,1401,1.83,2,1
423,650,390,2.57,3,0
227,906,535,2.83,2,0
321,209,630,2.35,2,0
71,561,1110,0.68,3,0
379,290,1345,3.11,3,0
267,465,1688,1.35,1,0
362,153,367,1.04,5,0
217,799,966,0.96,0,0
371,401,574,1.76,1,0
151,569,1075,3.46,4,1
411,585,718,0.88,1,0
450,220,1075,3.87,5,0
91,485,1018,3.77,2,1
254,748,1159,4.26,3,1
182,93,944,1.03,2,0
228,157,538,2.23,3,0
112,824,762,0.99,4,1
88,822,640,1.29,5,1
259,150,1761,3.93,2,0
296,152,1469,4.27,2,0
48,302,1846,3.55,1,1
232,874,876,0.48,4,0
349,818,1451,2.3,2,0
202,301,632,0.82,1,0
373,663,269,2.49,3,0
243,399,1731,3.55,2,1
389,558,181,2.96,3,0
264,593,1145,3.62,1,0
64,124,1845,1.59,4,1
324,767,1043,3.99,1,0
40,769,1812,3.02,2,1
403,732,887,1.29,1,0
323,678,611,2.54,4,0
84,644,1462,2.82,2,1
146,925,549,3.7,5,1
221,329,131,2.34,4,0
250,256,1086,2.46,2,0
443,686,1056,0.57,3,0
436,912,1302,0.62,1,0
387,830,1509,2.99,3,1
294,874,1680,4.44,3,1
134,622,1321,0.79,0,0
458,182,1473,0.75,1,0
452,311,587,3.87,4,0
276,376,338,2.54,3,0
178,226,1495,3.76,2,0
362,511,1500,1.2,1,0
160,278,449,1.76,4,0
182,164,1003,3.95,3,0
431,77,1175,4.25,1,0
201,236,1306,3.84,1,0
236,397,773,1.16,0,0
336,295,877,4.1,1,0
276,109,1190,3.87,5,0
434,392,384,2.93,0,0
226,316,1195,3.78,1,0
322,494,1876,3.55,4,1
132,707,834,1.27,5,1
105,436,382,0.61,3,0
119,764,1139,2.64,5,1
292,798,488,3.0,5,1
446,912,1457,1.73,3,0
462,537,1569,2.8,3,0
84,875,342,3.3,2,1
92,96,333,4.3,1,0
342,869,1364,1.03,3,0
287,736,163,2.9,4,0
161,859,284,2.01,3,0
385,138,227,1.07,3,0
186,208,1313,0.45,2,0
228,153,580,0.48,5,0
236,178,1285,2.31,1,0
67,562,714,1.53,1,0
181,358,1840,3.51,1,0
281,274,1784,2.21,5,1
85,917,714,2.18,5,1
73,346,278,0.52,5,0
249,524,1417,2.98,0,0
428,818,350,1.78,0,0
389,764,508,4.26,5,1
62,647,1238,0.49,4,1
355,853,915,2.49,0,0
405,745,305,1.51,0,0
249,130,862,1.04,1,0
277,277,984,2.09,4,0
242,835,1808,0.56,1,0
71,871,451,2.58,2,1
401,879,692,4.35,2,0
41,708,1061,3.45,2,1
134,173,1777,1.72,2,0
136,489,1803,3.77,4,1
424,505,1399,4.5,2,0
383,596,832,1.53,0,0
90,615,307,3.34,1,0
141,211,1517,0.83,5,0
396,432,817,4.12,4,0
403,219,1287,4.46,2,0
398,879,132,3.52,0,0
168,389,219,1.69,0,0
61,915,947,4.55,1,1
412,332,208,1.81,3,0
172,323,1047,2.89,0,0
145,490,1452,1.3,2,0
467,191,1101,2.42,3,0
465,843,334,4.48,5,0
38,874,628,0.67,5,1
218,258,1566,2.6,1,0
144,859,1760,0.89,2,1
210,596,1269,3.37,3,1
129,283,1736,1.5,3,0
76,909,1679,2.01,5,1
211,826,381,3.08,2,0
353,727,882,1.31,2,0
219,733,430,2.88,5,1
251,194,467,2.03,3,0
292,93,1858,0.9,4,0
157,604,1809,3.79,1,1
234,526,572,2.48,2,0
441,874,332,4.6,4,0
260,159,351,1.21,4,0
44,577,308,1.72,1,0
300,663,312,2.39,1,0
245,232,147,2.79,2,0
228,85,420,2.49,5,0
147,301,1612,3.62,3,1
434,98,1674,2.93,4,0
113,251,1878,0.48,4,0
370,721,1006,0.82,4,0
355,498,1453,4.02,0,0
387,198,1531,0.52,2,0
150,740,648,1.55,0,0
69,353,1317,0.81,3,0
149,409,653,1.62,1,0
312,68,420,2.79,2,0
305,244,272,4.59,1,0
127,170,616,1.15,3,0
211,104,1219,4.11,2,0
261,792,323,3.8,0,0
150,483,1729,1.88,5,1
389,811,254,1.94,1,0
402,882,1503,3.43,1,0
226,502,317,3.92,1,0
359,645,434,3.43,4,0
418,634,131,1.34,5,0
417,332,805,1.37,1,0
446,767,876,2.81,1,0
339,307,178,1.82,1,0
413,767,671,2.41,3,0
397,829,236,3.15,5,0
297,544,365,4.12,1,0
182,233,369,1.13,4,0
294,222,1168,3.95,2,0
291,751,539,3.99,4,1
257,68,1853,3.68,1,0
248,373,1481,0.46,3,0
124,189,1714,3.18,2,0
186,476,423,4.33,0,0
359,345,932,1.65,2,0
156,309,882,1.4,5,0
51,407,956,1.74,0,0
369,923,700,1.34,0,0
331,762,1233,1.51,0,0
58,699,999,3.02,3,1
341,893,876,1.52,5,0
451,163,864,1.17,5,0
387,609,1557,3.23,1,0
110,809,1440,3.33,4,1
293,409,1291,3.32,1,0
466,208,1461,0.45,5,0
253,695,485,3.12,3,0
187,806,285,0.98,3,0
270,222,1851,3.59,1,0
343,750,1358,1.68,5,1
37,506,359,1.29,4,1
427,722,245,1.89,3,0
195,460,1489,2.91,5,1
95,754,1335,2.56,0,0
115,483,486,2.1,4,0
333,560,524,2.34,3,0
129,736,473,2.13,0,0
188,246,960,2.03,0,0
124,336,1403,1.61,4,1
368,866,377,1.65,3,0
326,77,1096,3.31,0,0
304,671,1417,3.6,4,1
231,332,759,0.7,4,0
47,234,1848,2.29,5,1
271,675,844,4.11,1,0
63,305,1293,1.23,1,0
115,146,1123,3.15,3,0
467,181,1774,3.88,2,0
252,223,1363,1.78,5,0
194,668,569,4.55,3,1
179,109,1873,1.07,4,0
128,324,1598,4.33,1,0
241,283,1739,3.29,0,0
411,195,503,0.96,0,0
284,277,439,0.43,0,0
318,387,317,0.36,3,0
76,696,371,1.06,1,0
213,765,775,2.45,4,1
89,635,981,0.48,2,0
107,586,1493,2.03,0,0
314,783,1155,0.5,1,0
52,384,1107,2.81,5,1
199,726,1007,3.6,0,0
261,749,394,1.18,3,0
56,658,1182,4.29,3,1
127,101,424,2.17,1,0
440,252,310,1.33,5,0
45,670,1209,3.31,5,1
442,703,1124,2.29,3,0
80,107,1445,3.47,3,1
372,685,1386,2.19,4,1
383,236,1132,2.7,2,0
336,723,1275,1.08,0,0
364,96,1417,2.08,4,0
170,715,211,0.62,0,0
130,767,532,3.6,2,1
311,617,1604,2.38,0,0
438,145,680,3.83,1,0
169,388,1295,2.97,5,1
270,449,678,3.25,4,0
424,684,701,3.8,5,1
252,629,677,4.51,0,0
194,479,451,1.74,2,0
112,253,657,1.23,5,0
314,456,434,1.63,3,0
141,382,544,0.79,0,0
172,687,1206,4.46,1,1
82,89,1853,0.55,1,0
65,280,1753,2.24,0,0
77,380,1447,0.7,4,1
116,689,1724,3.97,0,0
433,342,960,4.19,2,0
39,805,935,2.3,0,0
453,209,938,3.0,5,0
287,276,1306,3.58,1,0
323,474,1733,0.96,2,0
232,909,1338,1.35,3,1
213,870,1118,4.5,4,1
147,148,1029,2.58,1,0
302,599,967,2.33,1,0
60,502,1415,0.61,5,1
380,567,1716,4.23,0,0
174,268,1235,1.68,4,0
306,541,1420,1.17,4,0
445,273,1085,2.42,3,0
52,512,334,2.22,5,1
324,308,1673,4.34,3,1
327,887,1397,2.09,4,1
383,522,470,3.43,1,0
56,558,1516,1.3,1,1
401,784,205,3.53,5,0
60,613,1615,1.46,4,1
179,173,1770,0.88,5,0
96,196,514,2.49,3,0
292,372,1697,0.96,4,0
186,423,481,2.9,2,0
201,444,852,0.85,3,0
433,889,1556,3.52,5,1
146,320,1731,3.29,4,1
280,390,924,3.32,3,0
264,890,1231,2.23,1,0
58,353,1500,3.08,4,1
410,263,869,2.42,4,0
437,609,1391,1.55,1,0
386,592,859,3.16,0,0
283,739,1115,0.85,0,0
460,479,272,4.65,4,0
104,617,846,3.54,3,1
97,659,852,1.17,4,1
252,215,700,3.48,5,0
242,319,1821,2.41,0,0
60,204,1675,2.06,0,0
403,762,707,1.98,4,0
367,900,263,1.15,0,0
88,207,1400,1.17,1,0
336,395,337,0.94,2,0
377,247,978,0.64,0,0
452,492,786,3.76,0,0
115,571,132,1.53,0,0
157,759,829,3.88,4,1
453,213,1585,4.52,1,0
95,688,1601,2.04,0,0
462,154,983,0.67,0,0
317,826,973,1.85,2,0
200,188,1525,4.5,3,1
375,709,244,3.31,0,0
168,747,1115,0.86,2,0
303,654,1378,2.36,0,0
204,423,367,3.9,5,0
110,869,1476,2.09,2,1
349,326,419,3.21,1,0
281,297,1203,1.04,2,0
47,786,402,1.97,2,1
146,900,270,1.26,1,0
185,549,1721,1.48,4,1
310,708,828,2.4,4,0
317,679,1659,1.85,1,0
240,390,989,0.97,2,0
153,95,271,1.36,5,0
448,316,266,0.37,4,0
57,686,1329,3.58,4,1
94,880,514,4.57,0,0
43,213,1581,0.5,4,0
101,270,1142,2.99,0,0
300,895,1177,0.37,3,0
239,692,882,2.65,2,0
276,664,1099,3.77,0,0
352,705,1621,3.52,4,1
156,196,1050,4.19,4,1
376,628,275,1.04,4,0
366,659,206,4.01,2,0
207,675,1498,2.24,4,1
164,725,1425,1.16,5,1
449,115,264,2.32,5,0
405,744,954,1.06,2,0
267,399,1488,0.36,1,0
380,671,1362,1.37,5,0
394,861,191,4.23,1,0
79,694,1363,2.24,1,1
406,708,1736,2.28,3,1
210,396,163,0.89,0,0
423,531,1531,4.43,2,0
424,396,995,2.6,1,0
397,612,1007,2.43,5,1
459,594,1590,1.15,1,0
167,624,1644,3.21,0,0
354,107,1307,0.65,5,0
415,311,907,3.42,3,0
274,652,1631,1.29,0,0
116,392,1165,0.55,0,0
412,898,881,1.09,3,0
431,603,1454,1.64,1,0
82,264,1389,1.47,0,0
74,798,1607,2.42,5,1
214,910,1161,3.62,1,0
404,455,1059,2.38,3,0
84,722,1426,3.09,3,1
131,256,1599,2.49,1,0
325,497,761,2.47,3,0
77,424,752,2.18,2,0
420,908,1157,0.76,0,0
115,715,394,0.59,3,0
389,204,1739,4.52,1,0
159,528,714,3.22,1,0
194,470,738,1.19,4,0
462,489,1001,1.41,0,0
347,882,1810,1.6,0,0
245,110,1659,1.29,4,0
413,544,758,2.65,2,0
380,919,515,4.32,5,1
452,300,1817,3.52,0,0
250,247,271,1.04,5,0
277,138,1048,3.15,2,0
384,721,849,1.66,2,0
448,880,1128,3.56,1,0
200,349,239,2.2,2,0
169,501,624,4.24,1,0
160,292,909,3.56,4,1
176,295,477,3.12,2,0
235,140,643,2.31,0,0
217,101,192,2.41,1,0
433,186,1728,3.05,4,0
228,420,1292,1.82,3,0
419,67,407,1.56,1,0
98,280,1555,4.32,3,1
352,119,825,2.31,0,0
125,743,771,0.57,0,0
460,637,626,3.79,2,0
441,242,317,3.27,3,0
400,456,728,1.77,2,0
139,770,1727,3.68,1,1
129,758,1274,3.39,5,1
232,566,332,1.91,5,0
139,108,1699,3.87,0,0
48,588,1360,4.57,0,0
339,926,1617,2.98,4,1
355,713,1077,0.67,3,0
130,492,333,2.6,1,0
218,396,177,3.48,5,0
219,682,281,4.43,1,0
113,322,714,4.42,0,0
333,715,140,2.7,1,0
153,783,945,3.95,4,1
400,462,1559,2.72,1,0
181,241,1252,4.42,3,1
285,919,1720,3.4,4,1
275,893,207,2.97,4,0
46,148,1697,0.79,3,0
428,287,1433,3.7,0,0
310,751,254,2.94,2,0
404,736,1633,3.12,1,0
264,532,761,0.66,0,0
181,420,1364,3.83,5,1
298,162,805,3.61,3,0
348,919,203,4.19,5,0
327,337,950,2.19,2,0
219,797,1659,3.03,1,0
416,620,846,1.55,2,0
88,474,1649,1.8,3,1
112,182,1156,2.44,1,0
350,227,1401,3.25,4,0
248,467,490,2.3,3,0
453,315,1678,0.73,5,0
405,841,994,4.41,3,1
116,594,1413,4.55,3,1
375,84,380,3.27,4,0
84,877,1700,3.69,3,1
353,462,706,0.94,5,0
363,866,688,4.52,5,1
452,833,1825,4.11,3,1
282,541,718,1.2,0,0
42,904,1637,3.07,5,1
136,575,261,4.2,0,0
191,246,655,2.82,4,0
170,128,147,4.18,4,0
73,803,462,4.31,4,1
300,188,623,1.22,1,0
397,320,754,1.25,4,0
182,711,1067,1.55,4,1
257,155,1710,4.26,2,0
187,371,1388,2.39,1,0
270,794,1476,3.77,1,0
157,754,1767,3.59,3,1
224,828,1632,0.56,0,0
116,384,1249,2.32,4,1
64,567,603,1.43,1,0
38,67,1148,4.43,0,0
123,68,1810,1.05,3,0
371,707,1680,0.67,1,0
104,486,1705,2.32,3,1
124,879,1203,1.86,3,1
424,74,1639,1.03,4,0
171,101,940,1.09,0,0
140,146,1397,3.68,1,0
239,135,1010,3.82,2,0
466,131,1188,3.55,3,0
91,688,495,3.07,3,1
393,813,1332,0.49,0,0
241,152,1778,0.56,3,0
98,393,1243,2.84,4,1
345,138,833,3.21,0,0
405,752,930,1.42,4,0
171,673,1187,0.79,1,0
140,416,1178,2.51,2,0
68,234,258,0.75,4,0
314,297,849,3.86,3,0
360,606,1673,3.15,5,1
88,749,858,3.43,4,1
394,657,1824,2.42,4,1
461,621,916,0.79,1,0
175,108,1711,3.45,2,0
299,416,836,2.32,4,0
64,784,1639,3.71,2,1
267,724,597,2.63,4,0
430,459,1555,2.44,2,0
38,848,433,2.92,3,1
243,420,1268,1.41,1,0
200,454,1808,4.51,2,1
368,473,1008,3.18,1,0
212,632,937,1.91,2,0
368,611,1003,2.17,4,0
235,905,141,1.09,0,0
113,317,285,2.6,5,0
341,235,856,3.98,4,0
457,777,1596,1.65,2,0
332,205,1397,2.22,4,0
40,802,1320,0.64,5,1
227,411,397,4.06,1,0
456,363,1163,0.95,4,0
365,395,995,3.29,5,0
348,325,1175,1.68,5,0
410,158,498,0.56,0,0
314,554,1185,1.72,4,0
125,433,1689,3.62,1,1
269,635,1427,2.92,2,1
63,733,308,4.0,3,1
230,492,1823,1.05,2,0
93,143,1831,4.12,0,0
437,463,1443,4.24,2,0
169,711,682,2.08,3,0
457,498,1243,1.81,5,0
375,650,1513,1.27,4,0
246,425,1748,3.8,5,1
268,556,283,1.46,2,0
167,374,318,4.22,5,0
157,222,636,1.28,1,0
63,673,1173,1.9,3,1
424,88,1667,1.04,2,0
207,277,1525,2.71,0,0
352,715,1562,2.91,2,0
204,591,160,0.88,3,0
209,571,307,0.47,4,0
187,499,422,2.33,5,0
123,448,688,3.66,4,1
103,323,1461,2.91,0,0
375,183,1692,1.0,5,0
374,912,454,0.56,1,0
360,821,1395,0.4,1,0
460,416,658,1.35,1,0
436,166,1348,4.61,1,0
467,565,1171,3.39,1,0
65,282,1483,1.73,1,0
142,332,157,0.83,1,0
438,288,849,2.51,2,0
301,903,1483,3.12,0,0
240,845,997,2.84,5,1
93,700,169,0.63,2,0
223,841,408,3.4,5,1
36,839,1478,2.31,4,1
159,78,332,1.78,3,0
212,164,763,3.43,3,0
178,661,1709,2.37,2,1
330,734,1735,0.7,0,0
142,904,1460,3.71,3,1
162,811,1845,2.27,3,1
435,754,1084,0.58,0,0
160,251,141,1.48,3,0
431,924,1148,3.82,0,0
334,96,279,1.41,1,0
209,656,721,0.48,4,0
458,680,230,1.78,4,0
86,233,635,2.36,2,0
373,223,246,1.02,3,0
139,448,1797,3.73,5,1
240,671,1002,2.28,3,1
439,527,1732,4.6,5,1
254,375,545,4.05,0,0
138,906,1204,0.67,2,0
106,236,352,1.02,3,0
345,624,1197,4.47,3,1
355,505,1387,2.74,5,1
391,321,575,1.63,5,0
271,769,1495,3.8,3,1
197,185,606,4.56,3,0
48,737,217,4.26,2,1
346,541,1338,0.65,0,0
205,164,708,0.93,1,0
152,675,280,3.35,4,0
330,864,740,3.32,0,0
430,480,1620,2.23,5,1
136,585,199,3.21,0,0
187,630,1250,1.71,3,1
339,372,1302,1.72,5,0
286,751,1184,2.73,1,0
129,516,578,1.6,0,0
421,282,305,1.06,3,0
424,516,211,2.12,1,0
377,275,1544,2.63,5,0
404,564,1763,3.86,4,1
304,880,1055,0.95,1,0
225,591,934,4.12,3,1
465,308,1362,4.59,3,0
196,458,1609,2.57,2,1
462,907,595,0.67,3,0
86,599,1165,3.06,2,1
92,76,316,0.89,5,0
322,287,745,3.75,5,0
112,564,989,3.26,4,1
280,687,632,4.44,3,1
285,555,1177,2.73,3,1
297,426,1238,4.4,3,1
374,769,1182,4.4,3,1
232,320,148,0.51,3,0
260,801,846,2.78,5,1
269,114,1688,1.91,4,0
188,838,447,1.86,4,0
334,811,1768,4.29,2,1
324,881,1238,3.95,4,1
238,730,774,1.33,3,0
309,908,486,2.82,0,0
84,230,297,0.76,3,0
117,209,677,0.79,0,0
409,269,1767,2.63,4,0
348,185,1877,2.11,3,0
59,198,531,3.18,4,1
361,441,1113,2.56,3,0
124,769,1333,4.63,5,1
173,794,958,0.47,3,0
311,550,1184,0.48,2,0
76,915,493,3.88,0,0
384,534,1576,0.74,2,0
94,122,1484,4.09,3,1
458,217,1185,1.27,2,0
333,884,1286,2.67,5,1
101,598,709,4.05,4,1
228,813,1156,0.86,3,0
436,631,1212,3.84,2,0
276,623,428,3.02,0,0
163,899,824,3.37,0,0
149,160,964,1.51,0,0
311,648,1408,3.18,5,1
117,151,1670,1.29,5,0
197,679,634,3.11,1,0
92,146,1442,2.7,5,1
262,81,795,4.27,2,0
326,228,316,4.16,3,0
376,331,594,3.64,1,0
47,903,1005,3.57,0,0
368,830,147,3.69,2,0
41,913,182,3.85,4,1
152,810,492,1.98,0,0
100,552,230,1.3,5,0
272,584,789,2.63,2,0
303,463,519,1.6,5,0
208,277,1622,3.43,2,0
172,261,1437,4.2,1,0
401,600,277,3.29,2,0
67,737,1694,2.21,2,1
375,112,978,0.79,4,0
182,882,1099,2.0,1,0
233,176,1028,3.11,4,0
216,472,1609,1.58,0,0
49,607,1852,3.65,2,1
215,606,799,2.24,3,0
196,548,687,2.8,0,0
173,132,619,1.58,3,0
322,135,568,1.38,3,0
142,244,1236,1.76,0,0
315,513,340,1.14,4,0
207,885,1682,0.46,2,0
350,237,1605,3.89,1,0
162,853,617,2.23,4,1
214,632,329,3.63,0,0
123,87,1420,0.76,2,0
329,328,1813,2.03,2,0
333,173,1747,1.31,1,0
222,747,1581,3.37,2,1
136,643,1755,1.3,3,1
347,801,998,0.77,5,0
332,577,860,3.42,4,1
56,185,574,3.74,0,0
181,345,951,1.67,4,0
368,97,1367,3.65,1,0
297,631,1096,2.34,0,0
162,746,683,2.61,3,1
225,191,1689,2.5,5,0
275,632,571,1.41,4,0
298,457,611,2.13,2,0
307,893,475,1.04,2,0
232,148,1209,0.82,0,0
337,149,1021,4.42,5,0
226,186,1116,0.53,1,0
250,583,689,1.07,0,0
298,443,1276,1.2,4,0
292,850,834,2.3,3,0
226,494,1867,1.41,5,1
360,674,1645,0.92,4,0
252,661,738,1.39,3,0
286,333,719,3.19,5,0
364,96,1120,2.91,4,0
85,107,786,3.24,0,0
226,390,1567,2.24,1,0
139,442,1808,2.37,4,1
334,904,1121,1.53,3,0
271,292,1024,2.8,4,0
121,709,1807,1.16,5,1
160,622,1694,2.56,3,1
249,685,637,3.78,2,0
236,363,1246,2.38,3,0
171,899,1529,3.43,2,1
69,385,985,2.9,3,1
143,268,1462,3.08,0,0
201,204,196,0.52,3,0
340,198,668,1.81,0,0
297,860,618,1.96,1,0
181,667,1383,3.76,3,1
162,473,1792,2.06,5,1
75,538,838,2.61,0,0
140,80,821,4.2,1,0
231,687,1430,2.96,4,1
170,788,1114,3.0,3,1
149,392,445,2.66,4,0
67,104,1026,4.16,5,1
120,780,1782,3.18,1,1
162,95,1681,4.39,3,0
370,70,1338,2.85,4,0
391,927,928,4.41,0,0
209,197,1571,3.0,3,0
48,632,1230,4.42,0,0
55,663,569,1.74,3,1
392,639,1547,1.96,0,0
105,70,221,3.67,3,0
388,83,391,4.0,5,0
408,898,1610,0.5,4,0
291,113,1538,3.18,0,0
304,496,1780,1.28,3,0
98,593,393,2.92,4,1
177,87,1708,4.51,3,0
411,264,1188,1.62,0,0
191,701,519,2.87,5,1
182,182,940,4.16,4,0
342,121,392,3.1,0,0
195,151,490,2.55,5,0
55,638,1748,3.29,4,1
149,644,1759,2.04,0,0
442,456,1825,1.29,4,0
401,479,1053,2.37,2,0
373,548,606,4.53,3,0
398,150,1235,1.18,0,0
186,366,221,2.72,1,0
55,618,1220,4.64,1,1
269,377,1641,4.26,5,1
215,335,1783,1.46,5,1
191,250,1179,2.62,0,0
406,215,1172,4.55,1,0
364,227,596,3.15,3,0
170,801,1258,2.15,2,1
454,230,178,4.07,0,0
123,278,328,0.82,2,0
106,855,1052,1.66,5,1
103,80,1818,3.84,2,0
143,806,1383,0.52,1,0
305,268,583,2.82,1,0
427,825,851,4.4,0,0
259,309,392,2.0,2,0
402,173,1208,2.5,5,0
320,273,654,2.27,5,0
145,105,667,3.98,2,0
244,341,1525,2.05,5,1
81,655,1672,1.12,2,1
158,147,266,3.65,4,0
238,914,1435,1.85,0,0
55,570,444,1.27,5,1
125,634,1779,3.11,3,1
293,779,739,4.5,1,0
132,118,867,1.54,1,0
448,582,1446,2.39,3,0
138,509,377,2.35,3,0
463,121,728,0.63,0,0
337,780,1816,0.63,2,0
160,311,497,3.1,0,0
180,168,133,1.89,2,0
358,163,1232,4.47,4,0
430,414,896,2.78,4,0
438,507,944,2.57,2,0
170,560,397,2.0,4,0
76,113,970,3.13,0,0
295,332,1872,2.19,5,1
54,550,959,0.82,2,0
427,284,139,4.18,4,0
281,685,717,1.33,2,0
103,899,1818,1.42,3,1
393,519,919,2.99,5,0
138,153,494,3.35,5,0
317,356,506,1.72,0,0
177,464,1087,3.93,0,0
370,120,728,0.36,5,0
161,85,1706,1.5,2,0
427,409,1506,0.44,1,0
272,641,1436,3.94,5,1
340,662,793,1.21,0,0
256,844,135,0.84,5,0
189,533,1623,4.56,5,1
407,907,1607,1.18,1,0
376,238,1812,1.74,5,0
438,175,1331,1.59,3,0
202,172,808,1.46,1,0
112,187,530,3.2,1,0
79,505,1692,3.63,3,1
437,501,1475,0.64,5,0
117,649,376,3.92,5,1
240,108,1216,4.47,4,0
128,756,627,3.53,0,0
301,525,260,3.91,1,0
92,556,1796,3.07,4,1
120,343,1772,3.75,5,1
408,548,1591,3.36,5,1
282,566,1806,3.56,2,1
349,73,808,2.7,5,0
396,318,213,2.86,2,0
72,831,1332,2.39,1,1
224,783,1767,4.11,3,1
341,270,1869,2.39,5,0
106,276,979,4.61,5,1
450,89,1185,1.52,5,0
385,362,466,2.3,2,0
67,884,1298,4.64,2,1
195,754,480,4.14,2,0
216,338,1237,1.44,2,0
272,432,502,4.03,5,0
366,220,584,1.52,3,0
48,128,538,4.15,3,0
245,588,1570,1.02,2,0
88,361,1459,2.88,1,0
82,660,497,4.37,2,1
48,88,1436,1.54,3,0
254,398,314,4.47,4,0
457,372,996,4.12,1,0
425,77,872,4.28,4,0
429,138,747,1.48,1,0
262,591,375,4.29,2,0
250,693,1285,0.7,0,0
89,904,1027,1.3,4,1
388,157,948,3.57,4,0
432,700,1305,0.57,4,0
199,376,189,2.36,0,0
195,436,316,4.15,5,0
375,775,1065,1.94,2,0
37,764,1356,2.19,4,1
298,707,657,3.99,5,1
236,914,1798,3.65,2,1
424,819,1843,3.02,4,1
267,775,844,4.16,3,1
168,274,637,3.38,1,0
66,468,1121,3.69,5,1
41,348,1773,1.21,1,0
397,308,1875,1.29,2,0
441,292,666,2.2,0,0
187,759,971,2.28,5,1
198,701,222,2.41,2,0
275,583,209,1.97,2,0
295,172,167,4.48,4,0
183,561,285,2.48,0,0
248,215,1141,3.21,2,0
240,470,1475,1.04,4,0
182,219,1556,3.23,2,0
433,629,500,3.21,2,0
330,598,179,1.42,2,0
144,508,1465,4.23,3,1
451,875,1446,4.39,1,0
431,246,1410,3.14,2,0
397,802,1335,2.49,1,0
411,590,647,3.19,2,0
434,324,1657,4.32,1,0
63,77,730,3.65,5,0
118,895,679,2.53,4,1
132,826,1454,0.47,1,0
157,321,512,3.19,1,0
294,754,1859,2.13,3,1
380,854,740,3.86,4,1
437,704,1802,3.7,1,0
183,239,477,4.44,0,0
189,459,687,4.18,3,1
137,184,1862,1.02,1,0
340,816,1108,4.5,2,1
402,554,495,4.0,5,0
316,183,681,4.21,3,0
398,517,214,2.21,0,0
67,849,1115,2.65,3,1
281,327,1300,1.31,1,0
256,440,595,1.49,1,0
174,367,1462,2.11,3,1
141,876,1081,2.44,3,1
128,320,1172,2.68,1,0
309,204,1846,0.37,2,0
314,790,1125,0.57,0,0
440,437,1508,2.94,4,0
95,339,146,2.16,3,0
263,562,552,1.81,1,0
145,403,806,3.36,0,0
198,264,459,4.06,1,0
243,369,1311,3.0,5,1
103,854,1314,1.6,4,1
89,653,1329,1.21,1,0
447,649,472,2.86,3,0
243,140,861,2.39,5,0
152,197,579,1.01,0,0
55,99,1153,3.41,1,0
343,324,201,3.83,3,0
220,805,1688,2.45,0,0
66,411,1704,2.13,2,1
438,832,1441,0.8,5,0
103,697,1404,4.39,3,1
212,862,1089,3.55,3,1
149,223,1183,0.68,2,0
114,150,316,3.05,2,0
277,208,1852,3.73,1,0
414,167,1100,2.1,4,0
300,830,1279,0.95,1,0
97,593,341,2.76,4,1
245,468,717,3.91,3,0
283,105,648,2.54,3,0
144,725,150,1.75,3,0
129,385,470,2.93,2,0
380,77,912,2.77,1,0
80,723,1301,3.82,2,1
259,865,1437,3.94,2,1
466,670,1285,3.72,0,0
91,205,1275,2.79,1,0
432,202,1234,2.19,5,0
444,534,806,0.87,5,0
184,563,842,3.97,3,1
127,725,1640,3.03,4,1
418,565,209,4.35,4,0
205,751,554,2.81,1,0
122,213,289,2.44,5,0
62,792,1470,0.73,4,1
122,625,1135,2.56,4,1
265,523,144,1.76,5,0
207,384,638,3.44,1,0
125,494,1538,3.45,1,1
245,486,1473,4.4,1,0
326,633,737,3.48,3,0
91,227,795,3.89,3,1
294,713,1143,2.26,4,1
353,612,167,0.56,5,0
42,433,674,2.31,3,1
171,313,1377,2.3,3,0
186,218,993,1.17,3,0
214,618,380,4.11,4,0
381,506,868,2.74,3,0
256,507,875,2.01,1,0
301,85,1166,3.78,4,0
180,599,541,2.35,4,0
292,845,1333,4.08,0,0
231,773,1592,2.32,1,0
122,870,768,0.76,1,0
347,93,1799,2.13,0,0
418,360,1147,4.54,5,1
364,752,968,2.44,3,0
413,740,1501,1.71,5,1
175,375,950,2.66,5,1
342,82,141,3.77,2,0
175,225,805,2.62,4,0
397,109,888,3.74,1,0
231,371,469,4.27,4,0
62,501,880,0.64,4,0
115,123,578,1.12,2,0
45,334,1134,2.14,4,1
378,475,315,2.73,2,0
356,93,1590,3.55,0,0
94,602,829,0.4,0,0
62,907,667,1.98,4,1
136,883,326,4.13,1,0
272,649,1498,3.06,4,1
294,380,862,0.48,0,0
223,594,243,4.5,2,0
429,208,491,1.32,0,0
226,697,1759,2.6,3,1
189,854,482,0.89,1,0
311,586,459,1.83,4,0
259,721,722,3.96,4,1
234,213,1134,1.8,5,0
89,381,1467,1.36,5,1
239,399,1431,3.33,1,0
67,629,1543,4.06,0,0
141,811,224,2.93,0,0
384,172,382,3.76,5,0
367,197,1499,1.9,5,0
76,392,1079,3.61,4,1
302,395,1252,0.91,1,0
240,781,724,4.01,3,1
89,492,1031,2.85,0,0
76,643,1695,0.69,5,1
66,630,770,4.53,3,1
356,248,1004,3.45,0,0
53,349,864,2.18,0,0
307,736,1222,1.52,3,0
424,597,1854,1.27,1,0
141,311,317,3.81,4,0
180,428,660,4.14,1,0
59,242,669,2.71,3,1
287,600,1699,2.22,5,1
122,878,1131,3.21,1,1
447,241,1323,1.94,4,0
363,680,583,1.66,5,0
310,714,378,1.75,0,0
343,275,886,4.16,1,0
382,854,1251,3.72,5,1
429,822,1426,3.28,3,1
461,638,734,2.56,4,0
453,595,1421,4.42,5,1
329,805,657,3.91,0,0
461,534,1451,3.92,0,0
370,735,955,0.62,3,0
159,438,1178,1.39,2,0
233,245,1692,1.56,4,0
327,271,1663,4.07,5,1
361,759,1388,1.76,1,0
330,904,733,4.22,5,1
193,765,209,3.13,1,0
279,683,314,2.69,3,0
275,114,1465,0.62,1,0
466,683,1222,1.79,3,0
132,702,367,0.59,4,0
258,99,1017,0.38,5,0
412,393,1532,2.98,2,0
362,832,1606,2.02,3,1
107,914,850,4.38,3,1
464,288,792,3.76,1,0
140,748,365,1.39,4,0
138,858,379,0.88,1,0
91,651,1227,3.46,5,1
361,257,627,1.35,4,0
128,888,1433,1.05,2,1
348,105,788,0.88,1,0
257,176,1613,3.05,3,0
318,476,1381,4.15,4,1
433,677,1252,3.7,3,1
253,322,981,2.61,3,0
392,148,1746,1.04,4,0
271,254,992,3.3,4,0
135,68,1051,4.01,4,0
350,797,636,2.68,4,0
293,258,1379,1.06,3,0
139,474,554,1.33,4,0
391,380,212,1.92,2,0
112,908,286,1.59,4,0
227,360,1393,2.54,2,0
223,652,566,3.28,1,0
86,300,1810,3.24,2,1
460,266,1190,4.08,0,0
359,689,1375,0.51,0,0
364,188,594,2.85,5,0
209,889,1382,3.77,3,1
325,763,1159,1.9,3,0
49,554,1364,4.17,1,1
94,84,1494,2.75,2,0
347,705,345,4.38,1,0
76,463,1644,2.72,5,1
450,668,177,3.84,2,0
214,872,1813,4.53,0,0
324,215,372,1.25,5,0
210,250,689,1.23,4,0
196,152,874,2.3,0,0
178,722,544,0.76,4,0
141,337,1526,2.55,3,1
355,127,1650,1.4,3,0
423,913,825,1.14,1,0
459,876,1690,0.45,3,0
88,480,1444,4.04,5,1
256,86,1825,1.77,4,0
153,773,789,3.51,3,1
416,408,337,1.2,3,0
175,479,1227,0.57,3,0
356,401,304,0.49,4,0
174,152,387,0.8,5,0
166,322,1673,1.59,3,0
300,760,1676,1.06,1,0
374,318,168,4.48,0,0
388,655,1702,1.76,1,0
378,244,613,3.98,3,0
220,648,1255,0.92,2,0
136,570,1368,3.53,4,1
232,329,1060,0.58,2,0
250,906,1747,1.99,5,1
439,179,1650,3.73,2,0
269,662,1719,1.91,0,0
360,685,203,3.43,0,0
368,232,1393,1.63,5,0
441,234,827,4.23,5,0
201,541,1872,3.03,3,1
356,816,148,1.67,4,0
235,804,1660,0.97,4,1
415,877,886,0.57,0,0
150,491,1591,1.97,5,1
267,660,1430,2.69,3,1
93,156,913,0.41,0,0
51,436,1425,1.76,1,1
90,507,1587,2.61,0,0
374,548,1169,2.6,4,0
321,121,946,1.84,5,0
402,427,369,4.65,2,0
352,725,354,2.03,0,0
416,401,1278,2.67,2,0
332,904,1545,1.03,1,0
442,710,205,1.49,3,0
275,542,279,1.38,5,0
173,217,1796,0.55,2,0
464,144,1727,1.96,3,0
410,832,1434,2.67,0,0
95,426,1494,2.42,1,0
305,689,1462,2.98,3,1
459,469,1562,1.02,2,0
148,360,1190,1.98,3,0
252,479,1124,2.84,5,1
40,219,925,1.9,4,1
123,302,1426,2.28,2,0
61,84,605,3.88,3,0
426,660,546,3.55,4,0
180,444,869,3.23,3,1
45,658,1573,3.98,2,1
124,589,532,3.19,0,0
169,811,1446,2.69,1,1
334,611,502,0.86,0,0
389,867,730,0.45,1,0
402,276,627,1.79,5,0
171,839,195,2.71,3,0
357,162,987,1.63,2,0
176,724,1832,3.03,0,0
397,507,1098,1.42,2,0
40,848,1493,3.96,0,0
466,464,1054,1.29,3,0
329,295,754,1.1,2,0
173,731,1302,2.62,3,1
421,590,1718,3.11,4,1
281,855,1518,0.5,4,0
157,508,475,1.71,5,0
204,918,1287,0.4,4,0
446,569,1500,4.39,3,1
334,816,780,1.02,4,0
263,883,964,1.1,4,0
317,287,427,3.1,2,0
44,673,626,3.66,1,1
274,755,1693,3.64,5,1
463,244,1602,0.45,5,0
136,830,1213,0.88,2,0
428,855,1341,2.71,3,1
135,319,477,1.04,5,0
369,375,1769,2.36,1,0
187,689,1158,4.03,1,0
252,302,1416,3.51,1,0
260,461,398,3.19,4,0
224,464,564,4.61,1,0
97,671,1112,1.15,0,0
400,136,355,1.63,4,0
460,760,1420,2.43,0,0
388,386,205,3.25,3,0
405,218,259,4.43,4,0
71,621,1316,2.85,0,0
277,792,1757,3.92,0,0
452,145,837,1.59,0,0
461,171,462,1.62,4,0
46,589,1573,1.79,2,1
71,756,1291,1.99,5,1
119,273,900,4.33,3,1
67,513,1619,3.82,4,1
174,372,1115,4.35,5,1
69,650,1007,1.65,2,1
411,643,1558,4.24,2,1
166,223,783,4.0,3,0
229,83,698,1.55,5,0
375,106,505,1.17,4,0
194,779,1669,4.6,0,0
456,223,1312,0.46,2,0
320,433,689,2.67,2,0
265,633,1651,3.8,3,1
183,452,1391,3.82,4,1
94,810,1279,1.13,4,1
211,216,645,2.97,0,0
87,93,1182,2.48,3,0
264,475,679,1.84,0,0
446,131,284,2.1,5,0
456,624,256,1.13,1,0
431,618,1299,2.44,0,0
416,842,231,1.05,1,0
174,815,1179,3.45,3,1
181,256,1243,1.27,1,0
210,125,688,0.52,4,0
385,899,770,2.39,5,1
353,166,506,3.94,5,0
252,678,749,3.68,2,0
405,73,604,4.65,0,0
83,526,987,3.96,1,1
293,924,1732,0.8,1,0
287,641,632,3.65,0,0
360,87,275,3.26,0,0
457,648,1241,1.91,4,0
249,205,1081,3.12,4,0
74,259,1206,0.39,1,0
450,752,1523,1.98,1,0
118,215,1470,4.42,1,0
81,541,1156,1.25,5,1
348,609,147,1.68,1,0
104,654,1413,0.72,3,1
188,181,1746,4.11,1,0
225,71,881,2.97,4,0
294,676,1316,0.77,0,0
431,482,1799,0.75,1,0
447,892,694,0.66,0,0
256,836,444,3.86,0,0
134,304,179,3.38,0,0
409,614,1020,3.74,0,0
209,405,976,0.4,1,0
221,80,1715,3.1,1,0
307,869,1297,1.43,0,0
42,526,1669,2.84,1,1
397,550,1466,2.48,5,1
171,208,868,0.57,1,0
283,888,416,3.59,1,0
186,771,1462,1.36,2,0
85,116,553,2.99,5,0
353,841,1051,4.64,5,1
413,835,527,0.88,0,0
406,670,1266,2.58,2,0
433,71,923,0.39,2,0
49,497,509,1.38,5,1
423,863,201,0.99,3,0
254,338,909,1.95,5,0
333,822,1677,3.45,3,1
165,385,426,3.21,2,0
55,837,430,1.28,5,1
292,714,1773,3.6,1,0
239,287,1565,1.08,5,0
191,845,705,0.72,2,0
413,142,348,2.61,0,0
408,413,1687,2.49,5,1
120,270,1858,3.9,2,1
298,451,398,3.52,4,0
135,588,846,1.1,2,0
174,504,394,4.15,4,1
202,909,834,3.78,1,0
186,350,527,3.11,0,0
296,784,1795,0.53,4,0
78,855,344,4.19,2,1
157,622,232,3.76,3,0
371,638,926,1.11,5,0
280,551,608,1.37,4,0
85,634,802,1.31,3,1
326,341,240,3.21,3,0
78,869,383,1.63,1,0
304,847,471,3.59,5,1
432,795,1274,4.54,4,1
169,664,1290,0.58,3,0
41,463,280,3.81,1,0
74,921,1818,2.41,0,0
387,842,173,0.88,3,0
160,757,1272,1.92,2,1
251,713,354,0.76,5,0
114,278,419,3.06,4,0
220,790,856,3.2,1,0
405,819,1179,2.44,2,0
42,668,445,0.65,5,1
305,795,1632,1.54,3,1
116,306,485,2.15,3,0
283,589,1316,2.91,0,0
187,741,1581,0.42,5,0
124,123,906,2.07,3,0
343,180,1519,2.33,0,0
373,202,1805,1.57,4,0
300,293,1170,2.91,2,0
53,332,1548,2.9,2,1
428,674,353,0.78,3,0
420,112,1380,3.88,5,0
372,887,741,1.95,4,0
77,831,513,1.77,5,1
340,833,148,3.2,1,0
273,715,939,2.69,3,1
66,323,1128,0.76,4,0
100,214,1678,1.81,2,0
70,717,149,0.38,2,0
54,875,799,0.78,1,0
341,431,180,1.96,5,0
242,884,229,1.34,0,0
422,392,1222,3.43,2,0
439,516,394,1.66,2,0
391,670,1221,4.35,1,0
118,580,985,3.65,4,1
378,665,823,1.71,4,0
194,384,428,4.45,1,0
326,633,599,3.26,0,0
340,542,1109,1.88,3,0
302,772,572,3.02,4,0
218,915,1784,4.46,3,1
83,759,1146,3.34,2,1
76,149,784,0.87,3,0
231,849,602,1.25,0,0
351,85,1860,4.59,5,0
237,412,203,1.97,0,0
251,283,905,2.86,1,0
198,305,1270,3.17,1,0
455,508,388,4.21,3,0
289,393,728,2.74,1,0
191,154,1852,2.09,2,0
58,385,357,4.01,5,1
309,336,1116,2.23,1,0
92,394,1732,3.82,5,1
204,619,1497,2.38,0,0
303,826,964,3.14,5,1
424,189,1380,3.69,4,0
193,77,1286,3.0,0,0
119,819,522,1.28,5,1
417,176,771,3.27,2,0
276,804,1162,4.44,5,1
120,342,290,3.84,5,0
385,739,954,3.26,3,0
105,869,977,1.05,4,1
76,171,166,3.62,2,0
310,443,972,4.27,5,1
403,141,700,3.16,1,0
139,369,503,2.41,3,0
123,808,964,4.37,2,1
198,922,272,4.45,0,0
59,245,1595,1.05,4,1
231,397,1501,2.85,4,1
354,131,1414,3.68,3,0
212,240,1275,1.54,0,0
213,244,1030,2.93,3,0
202,757,298,2.6,5,0
440,81,562,1.8,3,0
204,545,749,2.0,0,0
334,872,568,3.48,1,0
356,233,756,1.01,5,0
336,82,217,3.93,5,0
431,352,491,4.3,3,0
300,629,1543,4.42,1,0
91,740,489,4.59,2,1
80,920,774,3.36,1,1
150,751,1447,4.1,3,1
456,412,1730,3.55,4,1
340,342,1529,2.69,5,1
218,838,212,2.1,3,0
38,837,1098,1.38,5,1
405,189,1638,1.48,0,0
128,807,140,1.95,0,0
44,810,1464,4.12,4,1
154,201,1624,4.07,1,0
213,803,1005,1.23,4,0
36,177,1282,1.82,1,0
309,695,225,0.42,2,0
324,916,1337,2.74,1,0
416,135,358,3.25,2,0
244,196,160,1.21,2,0
145,295,1436,4.54,5,1
426,353,1474,4.62,5,1
53,521,714,2.92,0,0
165,365,1782,3.67,5,1
280,834,1787,3.48,2,1
429,293,1299,4.33,4,0
407,308,367,0.58,0,0
372,686,474,3.73,1,0
178,574,330,0.55,0,0
356,236,1614,2.96,4,0
338,918,1280,3.71,2,1
131,463,1608,0.49,3,0
155,750,725,1.09,4,0
144,821,361,0.47,5,0
395,736,750,2.94,5,1
427,717,1437,1.43,2,0
50,170,302,3.62,3,0
147,726,687,2.0,1,0
73,564,1605,1.61,3,1
243,221,1774,3.83,0,0
439,409,1548,3.01,4,0
403,884,716,1.12,2,0
242,84,1038,0.99,5,0
88,181,1093,3.52,5,1
109,880,1654,2.34,4,1
402,533,1019,0.45,0,0
385,186,227,0.73,4,0
314,116,1210,1.97,4,0
401,331,1313,2.28,5,0
251,735,266,3.48,3,0
276,557,736,0.79,1,0
378,845,858,3.03,0,0
390,848,1601,4.5,3,1
284,455,1806,3.02,0,0
145,421,1821,2.09,1,0
376,264,1157,2.8,3,0
405,656,1825,2.79,2,0
415,560,728,2.21,0,0
140,497,1522,3.84,3,1
307,602,1731,4.37,5,1
155,795,1401,1.34,2,1
218,666,215,3.83,1,0
303,570,1814,2.66,2,0
233,249,1764,1.15,2,0
395,508,1435,2.89,0,0
58,444,872,1.11,0,0
127,169,1591,2.02,5,1
152,808,1683,3.8,5,1
342,509,480,4.03,1,0
200,71,794,3.08,0,0
53,815,1439,3.87,2,1
221,271,1566,2.86,1,0
377,505,1198,3.78,4,1
108,489,1057,2.25,5,1
420,896,687,3.74,5,1
144,890,1317,0.77,4,1
458,173,1444,2.82,1,0
185,457,1044,4.35,5,1
158,335,1753,1.02,2,0
134,506,194,0.87,4,0
189,772,296,3.99,3,0
42,512,756,0.78,4,1
122,138,1025,1.87,1,0
206,459,916,1.29,3,0
376,592,896,2.16,4,0
444,306,144,1.97,3,0
88,920,1081,0.5,4,1
387,904,892,3.45,4,1
363,591,391,2.29,4,0
185,514,1819,0.79,3,0
253,760,1607,2.69,2,1
226,486,1731,1.47,4,1
291,312,952,2.84,4,0
55,731,1552,1.3,0,0
218,895,1198,2.41,0,0
390,644,1021,1.7,2,0
440,896,1026,3.96,1,0
120,584,1543,0.54,5,1
369,452,496,2.88,4,0
206,272,1070,1.0,1,0
241,265,810,3.0,4,0
101,598,1660,0.87,1,0
60,911,1583,2.69,4,1
403,795,1205,2.23,0,0
295,717,838,0.65,4,0
348,306,276,2.2,0,0
349,154,172,1.57,1,0
410,125,313,2.41,3,0
246,714,1006,1.8,4,1
124,193,1320,4.65,4,1
60,225,1010,4.39,0,0
336,162,1855,2.27,2,0
126,814,598,0.86,0,0
251,194,1603,1.43,3,0
299,316,511,3.69,2,0
296,682,1742,4.37,3,1
335,552,1572,2.88,1,0
85,834,1802,1.0,0,0
219,278,1567,0.99,2,0
333,328,1125,2.72,3,0
276,326,1045,0.41,2,0
388,807,959,3.04,0,0
376,845,485,0.51,4,0
444,364,1275,0.72,2,0
124,402,1503,0.42,5,0
305,296,666,4.21,4,0
161,253,432,3.1,2,0
155,899,509,1.38,2,0
109,827,1876,0.65,3,1
85,870,1831,3.17,0,0
201,256,171,3.86,5,0
140,413,889,1.02,2,0
419,888,225,4.3,5,0
163,541,1693,2.86,2,1
230,898,277,2.74,4,0
379,869,795,1.82,4,0
331,279,817,1.17,1,0
308,767,1870,2.11,3,1
96,478,543,1.27,3,0
442,547,369,2.77,3,0
188,355,424,1.13,0,0
184,365,1613,3.47,5,1
187,743,438,0.9,4,0
217,84,669,1.46,3,0
429,239,465,3.34,3,0
56,207,459,0.44,5,0
161,79,1586,2.33,5,0
422,503,654,1.4,1,0
38,163,1556,3.47,2,1
467,831,461,2.08,1,0
389,499,1452,2.59,2,0
148,611,746,0.82,3,0
415,215,670,3.01,3,0
365,317,1615,2.99,5,1
224,436,1773,0.8,2,0
79,805,1167,0.56,3,1
90,334,657,2.72,1,0
383,806,1397,2.59,2,0
313,336,1788,3.56,2,0
141,329,438,1.51,5,0
189,760,623,1.0,1,0
140,852,775,4.14,1,1
178,215,694,1.58,2,0
407,673,1326,2.75,4,1
292,156,1728,1.08,2,0
201,684,1232,3.79,1,0
437,171,674,3.66,5,0
395,193,1695,3.41,3,0
198,689,278,0.68,4,0
366,541,632,3.84,3,0
278,369,611,3.14,2,0
356,82,406,2.33,3,0
269,608,488,3.58,0,0
147,192,1542,2.96,0,0
160,84,256,3.16,4,0
415,624,1179,2.88,5,1
366,521,946,2.24,5,0
293,336,1605,3.81,3,1
206,830,1784,2.99,2,1
410,220,338,1.94,4,0
225,669,722,3.75,1,0
372,478,679,1.63,1,0
128,907,319,4.49,2,1
40,385,1318,4.52,4,1
142,912,1073,3.0,3,1
105,767,1574,3.16,1,1
151,69,875,4.32,1,0
118,791,827,4.04,5,1
149,186,1599,3.52,5,1
138,312,156,0.75,1,0
459,662,797,2.34,1,0
241,358,1795,1.38,1,0
87,591,1379,4.51,4,1
96,887,870,1.0,2,0
206,288,873,0.76,5,0
294,191,702,2.87,1,0
172,869,1190,2.86,2,1
134,619,352,3.27,3,0
234,162,1615,2.25,4,0
225,157,1038,2.32,5,0
227,75,617,4.59,3,0
70,552,1712,1.72,1,1
391,906,153,4.0,5,0
73,797,1366,3.32,3,1
75,276,1141,4.51,3,1
257,857,835,2.39,1,0
106,382,393,0.57,4,0
253,724,270,3.98,4,0
389,103,801,1.96,1,0
142,403,571,3.04,5,1
424,305,178,1.27,1,0
357,274,960,3.35,0,0
464,112,1682,1.52,5,0
119,565,1276,4.5,5,1
392,592,1527,3.34,1,0
115,680,1710,0.61,4,1
223,837,856,3.44,5,1
223,706,277,3.62,4,0
235,199,322,2.74,5,0
450,312,1170,3.77,2,0
294,534,1534,4.51,0,0
172,503,324,4.49,3,0
240,758,275,2.33,1,0
253,164,1781,2.68,5,0
207,112,517,2.9,3,0
461,487,703,2.15,1,0
440,914,1333,0.47,4,0
364,485,634,1.3,0,0
120,431,1723,0.52,5,0
414,95,711,0.82,5,0
303,482,869,0.66,5,0
151,873,1245,0.38,5,0
436,879,941,2.86,3,0
424,117,320,4.43,2,0
195,214,1415,3.18,4,1
446,103,593,4.61,2,0
397,619,1737,1.54,0,0
270,842,238,3.86,5,0
42,608,275,1.21,2,0
459,667,309,1.28,4,0
411,146,1861,1.21,3,0
240,879,791,1.67,2,0
298,821,1472,2.13,4,1
306,756,661,0.56,4,0
345,388,1786,1.76,4,0
157,689,492,1.43,5,0
391,296,1342,0.49,2,0
180,550,602,3.43,0,0
54,569,598,1.68,0,0
276,257,1277,4.52,0,0
137,145,1577,4.44,3,1
411,655,1322,3.39,3,1
77,649,515,0.45,3,0
421,455,345,4.45,0,0
50,136,666,2.24,0,0
338,659,660,3.29,0,0
203,559,1399,1.62,1,0
268,819,1269,3.53,4,1
367,165,913,2.67,0,0
114,510,1708,2.59,0,0
449,186,1186,2.1,1,0
83,278,649,3.09,1,0
382,887,1124,4.1,5,1
363,656,489,4.06,5,0
220,228,1629,3.25,2,0
308,666,1724,1.5,0,0
218,131,1663,1.78,2,0
330,832,994,4.03,0,0
350,284,213,3.06,0,0
304,770,898,3.03,1,0
380,320,856,0.37,2,0
376,225,1015,1.68,4,0
68,227,334,0.56,3,0
130,117,1099,3.05,4,0
284,552,228,0.82,1,0
283,662,1720,2.97,1,0
293,318,686,1.9,2,0
445,718,653,1.6,4,0
408,278,1489,1.1,0,0
285,870,1169,1.86,1,0
208,582,1313,3.96,1,0
421,151,613,1.66,1,0
303,814,1050,1.32,0,0
414,857,1438,4.11,0,0
268,425,1063,4.4,3,1
136,862,1482,1.12,0,0
442,148,962,4.41,4,0
365,327,1786,3.14,2,0
132,917,1588,4.53,3,1
192,72,1547,4.3,0,0
377,843,1080,4.54,1,0
289,495,1864,3.16,0,0
352,428,855,1.19,3,0
66,154,389,3.84,1,0
410,511,1065,3.87,1,0
322,168,679,1.95,1,0
222,361,1818,0.38,2,0
73,471,1546,2.13,4,1
77,854,349,0.91,3,0
359,865,726,0.8,1,0
453,410,1804,3.28,3,0
157,771,949,1.5,3,1
212,505,279,2.92,3,0
262,914,1590,2.85,0,0
331,170,1391,3.49,5,0
103,412,269,4.26,4,0
251,628,1413,4.38,5,1
189,855,378,1.45,2,0
262,229,651,2.35,3,0
438,672,1141,4.05,5,1
142,438,1871,4.32,5,1
51,762,1216,3.3,1,1
265,115,1123,0.99,0,0
452,301,1204,1.01,2,0
206,618,1185,0.91,1,0
55,401,1823,3.06,5,1
239,657,822,4.63,4,1
171,290,252,2.22,0,0
143,149,1486,0.81,2,0
49,701,410,4.13,4,1
444,898,1284,1.4,2,0
126,490,1262,4.21,5,1
44,662,1103,1.78,3,1
85,351,924,1.99,3,1
115,256,924,1.35,1,0
323,469,1195,3.31,5,1
204,191,626,4.47,2,0
409,335,576,1.31,2,0
391,93,1661,3.83,4,0
158,183,1120,2.35,0,0
201,136,1500,2.56,5,0
41,329,1370,3.97,4,1
436,554,1448,0.36,3,0
43,249,1224,3.6,1,1
291,256,1636,1.56,1,0
231,852,1780,1.2,2,0
206,491,1041,3.52,5,1
345,476,1867,3.78,5,1
240,290,267,1.86,1,0
265,77,448,2.69,5,0
70,907,925,2.85,1,1
388,427,1076,4.62,4,1
339,177,1799,3.43,0,0
248,631,734,4.14,0,0
52,749,1467,2.91,2,1
260,546,1750,3.22,4,1
433,781,1606,4.51,4,1
270,461,1558,2.71,4,1
38,403,247,2.63,0,0
106,562,144,2.33,3,0
203,591,1576,3.71,2,1
95,911,1776,2.73,4,1
59,832,1013,1.07,5,1
455,820,341,2.35,5,0
355,339,530,0.89,5,0
364,781,525,2.01,1,0
205,407,1296,3.69,4,1
101,781,927,3.01,1,1
255,726,374,4.46,1,0
174,126,789,1.44,3,0
350,437,1349,0.4,4,0
182,504,1870,1.72,0,0
394,209,903,0.54,2,0
218,433,210,2.76,5,0
198,146,1475,0.89,0,0
130,746,1044,1.36,3,1
449,911,995,0.87,2,0
393,627,1806,2.84,4,1
108,480,1876,0.7,5,1
224,297,1807,0.96,3,0
399,114,1086,3.79,3,0
52,187,1797,3.21,3,1
363,476,1338,3.74,1,0
50,846,1845,1.89,3,1
300,414,1220,3.58,0,0
87,716,863,1.25,3,1
56,145,641,2.03,2,0
125,864,1878,1.58,4,1
325,110,504,0.92,2,0
113,81,680,1.1,5,0
384,498,687,2.59,0,0
191,248,1791,2.11,3,0
437,78,459,2.97,2,0
63,315,1737,2.31,4,1
187,373,353,1.69,3,0
385,438,225,4.12,2,0
266,437,383,0.67,1,0
290,819,537,2.45,2,0
77,400,1460,0.54,4,0
425,783,1028,1.8,5,0
142,726,612,2.45,5,1
118,714,1122,2.63,4,1
142,760,517,2.68,4,1
462,489,729,2.7,1,0
318,696,520,1.18,0,0
373,421,1496,1.82,0,0
133,338,1034,3.32,3,1
177,501,1774,4.47,2,1
136,889,1332,4.35,1,1
268,398,1397,3.19,1,0
302,79,828,0.59,0,0
162,412,186,2.84,0,0
188,611,1623,1.96,3,1
240,883,239,3.26,5,0
386,737,190,0.71,0,0
140,525,204,4.27,3,0
350,513,298,4.08,4,0
438,808,830,1.07,4,0
354,635,1542,2.83,5,1
66,739,710,1.56,1,0
160,247,827,0.99,5,0
106,692,153,1.7,2,0
234,712,382,3.74,2,0
168,640,1431,2.25,1,0
157,786,1480,3.82,5,1
389,590,990,4.27,1,0
419,709,510,0.68,1,0
158,240,1718,1.98,2,0
109,104,990,1.61,1,0
132,463,867,1.07,2,0
177,101,858,1.61,1,0
120,798,1117,1.31,3,1
255,695,1474,2.46,4,1
162,729,1650,3.72,0,0
202,380,339,3.25,4,0
117,822,1292,2.05,3,1
331,717,493,4.53,5,1
445,882,1779,4.63,0,0
51,568,1214,1.52,5,1
83,391,855,1.02,0,0
201,137,1061,1.57,1,0
416,593,1849,3.45,4,1
328,850,193,2.05,3,0
241,832,413,2.88,0,0
457,647,177,1.52,1,0
372,97,1693,4.19,0,0
204,105,1448,3.56,3,0
206,720,1323,2.76,0,0
259,339,755,4.48,1,0
246,391,1130,4.59,5,1
275,168,1845,3.12,4,0
300,613,848,4.6,0,0
403,247,304,1.54,0,0
52,458,1010,3.66,3,1
238,890,238,2.42,3,0
37,753,1279,3.36,1,1
382,92,1038,0.54,5,0
284,919,1417,1.81,2,0
84,663,330,1.89,1,0
174,81,819,3.35,2,0
422,523,233,4.22,1,0
149,353,1857,3.99,5,1
340,299,1153,2.77,2,0
402,364,477,3.88,3,0
125,180,1151,0.82,0,0
58,431,1839,4.4,3,1
264,367,1757,4.09,1,0
193,676,1099,1.33,0,0
217,419,723,1.74,5,0
323,604,1332,2.16,3,0
175,859,442,1.9,3,0
449,840,250,1.05,4,0
72,834,1764,0.88,2,1
412,759,1343,0.41,1,0
173,329,421,1.37,1,0
299,335,289,1.11,0,0
297,139,1545,2.04,0,0
117,878,536,3.47,5,1
430,705,1820,3.14,1,0
439,913,495,2.95,0,0
235,918,1280,1.39,5,1
445,422,305,2.07,5,0
344,198,666,1.18,0,0
397,835,1360,0.5,5,0
417,444,894,1.06,3,0
225,70,439,4.64,3,0
117,442,257,3.23,1,0
295,531,1234,2.53,1,0
368,251,577,2.75,2,0
275,101,1398,4.42,4,0
75,630,1323,3.6,4,1
178,472,1852,1.34,4,1
135,571,324,2.79,4,0
81,573,151,3.73,3,0
398,93,1771,2.75,1,0
63,478,175,3.14,2,0
161,308,1564,4.35,1,0
227,535,254,3.65,3,0
401,701,1151,2.13,5,1
142,157,1544,3.05,5,1
158,692,273,4.02,2,0
48,336,324,2.54,3,0
95,232,1339,4.09,5,1
206,829,1642,3.81,0,0
257,705,509,2.52,5,0
80,788,636,1.32,4,1
272,279,1442,1.92,4,0
215,360,1804,2.82,5,1
464,693,1009,0.85,5,0
334,894,1454,4.4,3,1
131,67,1248,3.39,3,0
66,853,317,3.77,5,1
330,778,716,1.93,0,0
310,822,1268,4.55,0,0
262,152,773,2.02,3,0
344,298,1054,1.37,4,0
327,68,1487,4.6,4,0
343,448,1139,2.87,5,1
159,102,732,0.59,3,0
169,301,802,3.71,2,0
120,756,1789,1.8,0,0
36,548,370,3.87,1,1
251,313,814,4.11,4,0
364,819,1431,4.53,0,0
99,228,1555,2.82,0,0
104,426,509,4.58,0,0
355,875,1579,1.55,5,1
420,405,289,3.32,3,0
272,803,963,1.89,5,1
58,145,181,3.33,4,0
356,153,1678,3.81,4,0
408,309,805,4.1,5,0
347,306,1803,1.84,2,0
231,620,678,4.23,1,0
69,697,1578,1.23,2,1
461,568,1413,0.96,1,0
178,216,1447,3.34,1,0
407,341,863,1.54,3,0
435,524,1098,1.38,4,0
108,830,1076,2.12,4,1
350,838,1741,1.6,1,0
413,609,1797,1.58,1,0
225,454,1307,3.64,3,1
423,87,1130,3.36,2,0
77,905,1317,1.97,4,1
206,166,1482,1.07,5,0
96,927,1831,3.77,2,1
355,857,225,2.41,4,0
453,154,153,3.24,5,0
365,340,874,0.85,1,0
119,176,1072,3.33,4,1
70,882,610,0.75,3,0
219,737,203,2.27,5,0
157,919,947,3.87,0,0
254,363,1854,4.14,2,1
443,233,1261,1.6,4,0
167,460,636,2.8,4,1
371,705,694,2.0,4,0
98,234,1768,2.25,1,0
119,537,292,3.79,1,0
339,546,1006,4.22,0,0
447,553,1074,3.63,2,0
333,135,1747,0.83,3,0
61,344,1767,4.42,3,1
409,423,1836,1.02,0,0
215,174,1323,3.92,5,1
351,498,757,2.74,2,0
421,668,519,1.57,3,0
40,494,1731,4.01,1,1
319,177,415,4.22,1,0
283,138,1411,3.13,4,0
125,197,306,1.97,0,0
333,757,1367,3.45,1,0
441,457,1696,2.34,0,0
398,623,1608,1.56,3,0
418,137,1608,0.39,0,0
305,379,1805,3.8,4,1
213,687,1262,2.85,5,1
169,759,1472,3.99,1,1
335,643,282,1.03,0,0
256,725,994,2.18,0,0
156,520,1068,3.4,1,0
372,895,1340,2.58,1,0
245,179,1541,3.09,3,0
420,371,1107,2.25,0,0
225,399,1497,1.51,2,0
332,320,1544,3.1,2,0
284,557,1257,0.79,4,0
228,346,687,4.31,4,0
305,318,1138,3.4,2,0
388,440,1255,4.45,5,1
381,247,1552,1.35,4,0
298,854,443,1.87,4,0
301,698,304,4.2,0,0
187,480,1318,1.8,3,0
416,505,1747,2.45,1,0
380,847,1817,3.85,4,1
442,166,694,3.35,0,0
320,895,1555,3.02,3,1
242,76,1647,4.52,2,0
358,709,834,3.54,2,0
328,904,1691,2.89,1,0
363,265,1037,0.63,5,0
362,320,1824,3.7,0,0
372,521,806,2.02,2,0
429,365,384,1.36,5,0
243,119,303,1.96,1,0
271,662,972,3.22,2,0
317,907,914,1.64,3,0
181,289,795,4.37,5,1
465,754,1440,1.74,4,0
460,862,292,4.29,2,0
241,174,1612,3.72,4,0
225,911,813,1.31,3,0
233,273,1801,0.74,1,0
419,845,194,3.25,0,0
121,202,550,1.24,2,0
395,681,705,0.48,4,0
387,611,456,2.47,2,0
450,180,525,2.38,4,0
295,214,573,1.97,3,0
247,415,1129,0.59,1,0
356,676,1001,1.29,5,0
131,744,151,1.55,3,0
337,280,1550,2.13,2,0
291,86,337,4.32,5,0
371,698,1412,2.65,5,1
456,417,961,3.1,0,0
159,169,422,1.94,4,0
110,287,1760,3.8,1,0
101,893,1316,4.07,3,1
41,200,203,0.76,1,0
193,198,1254,1.46,4,0
325,582,1445,3.42,5,1
144,770,812,1.97,5,1
121,283,913,0.67,0,0
229,457,1244,3.17,0,0
90,638,1842,2.07,0,0
361,524,828,2.78,0,0
397,799,779,4.6,4,1
107,468,463,2.25,4,0
338,504,1029,3.88,3,0
286,133,1513,0.89,2,0
398,406,171,1.3,3,0
423,361,1798,0.66,3,0
428,394,528,4.58,2,0
425,196,1007,2.25,5,0
150,788,648,1.1,2,0
104,910,347,1.5,0,0
63,838,580,4.08,3,1
370,787,423,2.45,4,0
128,897,569,1.15,4,0
369,225,1436,1.88,2,0
450,140,1404,2.06,4,0
169,584,410,0.39,1,0
299,355,1636,2.76,2,0
202,588,1471,2.58,5,1
229,292,1515,2.67,5,1
436,531,1786,2.0,4,0
129,693,1135,1.05,2,0
373,94,311,4.01,2,0
259,331,709,2.75,5,0
155,230,914,1.86,5,0
273,434,1314,1.9,3,0
73,418,1197,2.9,0,0
101,632,685,4.4,4,1
436,469,743,4.42,0,0
123,222,1758,1.2,0,0
117,211,938,4.08,4,1
261,102,201,0.77,4,0
366,264,1151,2.82,3,0
376,140,441,2.11,0,0
455,574,1415,0.69,3,0
217,664,596,0.62,3,0
368,537,190,0.85,2,0
429,463,1644,2.78,0,0
218,244,1205,1.36,1,0
386,460,1280,2.74,4,0
400,91,977,2.94,1,0
213,474,305,0.93,1,0
278,147,1810,4.48,2,0
206,493,334,3.05,4,0
326,666,1252,4.18,5,1
166,632,1626,1.48,5,1
230,805,1803,2.96,1,1
439,703,1336,3.41,3,1
418,445,1585,0.91,1,0
370,320,255,3.94,2,0
114,338,1019,0.87,2,0
365,686,1794,2.89,5,1
85,603,1497,1.61,0,0
409,321,1321,1.17,4,0
213,529,968,2.7,0,0
223,205,873,1.38,2,0
391,641,1236,4.44,0,0
347,800,698,3.6,1,0
197,140,1102,0.5,4,0
360,590,1533,1.29,4,0
311,801,1093,0.6,1,0
252,237,1786,1.8,5,0
258,466,743,1.03,5,0
179,585,1001,1.63,5,1
343,255,879,3.19,0,0
395,642,1576,4.49,2,1
98,386,867,4.35,1,0
278,927,957,1.47,2,0
51,495,571,0.37,3,0
378,422,1267,2.41,2,0
410,644,1042,0.8,4,0
215,602,936,2.7,1,0
300,167,1238,0.8,5,0
319,364,1626,1.46,3,0
60,251,1131,2.28,4,1
118,607,164,2.77,3,0
423,378,1290,1.98,1,0
159,484,490,3.91,5,1
239,313,357,2.58,3,0
289,701,450,3.07,4,0
289,528,456,4.18,2,0
306,354,887,2.4,1,0
119,384,783,3.47,5,1
176,578,826,3.07,5,1
253,661,1178,1.85,1,0
385,387,1494,3.41,3,0
244,541,1689,3.11,4,1
200,383,1515,3.6,4,1
317,514,1859,1.81,1,0
362,256,1705,0.4,0,0
139,315,1058,4.2,4,1
374,723,985,3.23,4,1
138,461,492,4.13,3,1
55,696,484,3.86,0,0
449,455,510,3.51,5,0
414,688,1490,0.72,2,0
70,160,514,2.24,0,0
281,359,872,1.2,5,0
267,708,272,4.64,3,0
93,828,996,2.03,1,0
219,189,1140,1.18,0,0
323,296,1341,1.85,2,0
301,535,1044,2.26,3,0
109,456,1344,0.37,1,0
444,791,417,0.43,2,0
408,152,1650,1.72,3,0
365,617,341,3.84,2,0
201,502,289,4.61,1,0
57,603,1493,1.82,1,1
251,553,1768,0.83,4,0
91,221,833,0.55,5,0
63,833,1696,0.65,3,1
68,577,1065,2.64,5,1
151,115,891,1.64,3,0
196,738,696,1.16,5,0
183,102,831,2.49,4,0
75,367,661,3.16,3,1
444,719,666,2.09,1,0
60,844,929,1.53,5,1
412,456,907,0.91,2,0
356,689,1521,2.58,3,1
78,133,882,4.56,5,1
52,512,660,4.62,1,1
250,571,492,4.25,2,0
350,476,1137,1.7,5,0
248,555,160,2.77,0,0
297,814,998,3.85,4,1
361,465,1216,1.67,0,0
434,449,309,2.82,0,0
73,450,1494,1.46,1,0
321,707,1099,3.72,4,1
424,408,486,2.18,3,0
216,312,1636,4.55,0,0
353,717,525,4.22,2,0
261,135,983,4.32,5,0
434,265,1720,2.93,3,0
237,689,1751,0.39,4,0
349,134,707,1.34,2,0
260,600,984,0.88,0,0
263,141,439,2.45,5,0
463,416,411,2.98,1,0
89,752,456,1.74,0,0
78,739,385,1.62,1,0
356,903,1063,0.84,5,0
320,319,290,4.31,4,0
285,323,796,4.24,2,0
39,827,521,1.23,1,0
230,619,175,1.19,5,0
188,720,405,1.32,2,0
167,813,406,1.28,1,0
416,810,471,2.11,5,0
338,864,1485,2.76,2,1
286,220,499,1.24,1,0
189,476,573,1.16,2,0
206,639,135,2.1,5,0
420,911,1177,2.95,4,1
371,120,205,1.76,0,0
103,547,264,2.86,2,0
100,512,519,2.62,3,1
148,216,775,1.06,3,0
356,284,1692,1.69,4,0
260,222,1609,1.76,1,0
459,380,1266,3.35,4,0
442,216,1449,1.96,4,0
446,141,273,2.59,2,0
202,456,143,0.83,2,0
162,799,1058,4.52,1,1
133,126,1683,3.56,5,1
315,161,790,2.19,4,0
461,899,547,2.88,3,0
109,780,1323,1.9,3,1
331,579,345,3.36,1,0
109,557,243,0.47,5,0
66,442,306,0.53,4,0
45,906,543,1.78,0,0
346,647,727,0.79,5,0
272,87,1459,0.98,1,0
392,549,1830,4.42,2,1
220,924,168,0.79,0,0
340,177,1237,1.56,0,0
419,865,1541,2.71,1,0
163,859,1502,2.02,3,1
218,744,967,1.81,2,0
361,113,1343,3.94,5,0
147,329,1389,3.3,2,1
83,168,924,4.01,1,0
288,799,1102,0.97,4,0
437,928,1772,1.08,5,1
350,519,224,3.11,4,0
270,281,1497,1.3,4,0
419,648,849,0.99,2,0
97,420,307,1.65,3,0
228,102,365,1.08,2,0
336,160,531,1.97,2,0
43,129,1374,4.41,5,1
252,516,1140,3.41,5,1
187,587,1076,1.99,5,1
157,786,988,3.7,0,0
147,94,1403,4.56,4,0
224,851,861,2.72,5,1
466,540,766,3.37,1,0
84,771,1375,0.59,1,0
120,190,227,0.87,2,0
232,206,221,4.58,2,0
339,689,1302,4.12,2,1
255,557,198,2.5,2,0
231,653,396,2.8,4,0
170,729,983,3.11,3,1
120,787,1229,0.44,2,0
37,657,1184,2.79,3,1
169,591,141,2.64,0,0
54,496,1692,2.32,5,1
372,420,1327,0.81,0,0
293,659,1604,3.28,3,1
114,888,1547,4.22,2,1
387,190,918,3.2,2,0
163,379,892,3.87,3,1
110,389,1365,3.9,1,1
252,699,1674,0.73,4,0
149,819,679,3.89,2,1
122,413,1021,2.96,1,0
214,294,1053,4.16,2,0
50,771,290,2.25,2,1
281,486,1237,0.45,0,0
453,872,1826,2.97,3,1
37,545,155,1.15,4,0
289,450,502,3.56,5,0
92,167,167,3.97,5,0
354,316,1660,1.72,1,0
221,340,380,4.22,5,0
329,578,637,4.59,0,0
428,356,1151,0.74,3,0
93,152,1001,0.51,2,0
36,622,807,2.36,4,1
135,298,1130,3.97,0,0
113,615,983,1.6,3,1
168,385,1393,2.02,4,1
96,589,1316,3.32,1,1
390,645,1245,1.23,4,0
60,611,1178,4.23,0,0
151,426,727,2.84,4,1
336,426,1680,1.67,1,0
196,195,1822,4.53,4,1
443,408,634,4.13,1,0
97,531,811,2.6,2,1
265,423,1749,0.98,2,0
342,103,1380,4.51,2,0
39,189,745,4.32,3,1
421,453,727,0.46,4,0
299,116,1587,0.89,4,0
315,280,1839,0.64,0,0
125,449,314,2.89,3,0
131,358,634,2.14,5,0
342,158,1110,2.1,3,0
184,535,1358,4.12,3,1
175,296,1507,0.87,3,0
421,187,526,3.34,0,0
370,860,1350,3.09,1,0
401,313,771,2.6,1,0
168,843,1381,1.03,3,1
68,657,598,1.15,4,1
392,158,1639,3.17,0,0
84,922,914,0.64,5,1
305,389,235,1.55,3,0
109,442,364,1.6,3,0
418,477,1672,2.98,0,0
210,458,1319,1.95,0,0
443,643,1809,4.07,1,0
298,784,841,3.3,1,0
211,146,1019,1.88,5,0
229,572,226,4.42,4,0
400,489,1006,1.98,4,0
239,927,1013,1.6,5,1
289,684,1161,0.44,5,0
90,239,1161,3.6,4,1
85,147,1728,1.29,4,0
246,177,672,2.17,1,0
40,915,636,4.61,2,1
80,330,1093,1.16,5,1
190,94,778,1.34,5,0
97,238,818,2.13,4,0
170,268,1499,4.16,0,0
36,843,1241,1.37,0,0
374,294,539,2.19,0,0
347,513,1623,0.61,1,0
289,187,1177,0.59,4,0
239,144,997,4.3,5,0
67,506,1311,0.45,2,0
151,348,648,0.98,5,0
393,875,1603,1.3,1,0
62,902,642,3.37,1,1
230,708,840,1.6,4,0
376,820,947,0.39,3,0
422,203,258,0.66,1,0
386,332,1223,1.84,1,0
54,434,1157,4.17,5,1
432,317,1494,2.56,5,0
240,148,147,3.18,1,0
185,576,936,3.09,1,0
271,502,379,1.92,3,0
367,142,1854,0.84,0,0
80,180,1220,4.59,3,1
451,103,828,2.18,3,0
430,416,1681,1.99,5,0
211,834,1424,3.98,1,1
463,212,342,2.74,0,0
42,735,1829,4.0,3,1
452,780,1837,0.92,0,0
107,114,685,2.83,5,0
250,850,591,3.95,4,1
213,96,166,1.1,4,0
254,712,1367,2.64,0,0
375,704,974,3.77,5,1
237,372,1343,3.24,1,0
270,914,485,3.89,2,0
250,400,1309,3.68,4,1
275,696,1333,1.2,0,0
365,669,832,3.35,0,0
140,618,1235,0.59,3,0
266,699,623,0.45,2,0
394,374,1745,2.01,3,0
301,606,381,1.19,1,0
454,187,521,4.42,3,0
276,370,1570,3.44,1,0
453,696,1799,2.7,4,1
201,392,1609,0.9,2,0
77,437,1465,1.74,1,0
334,826,725,1.47,3,0
188,249,1482,1.05,5,0
103,640,1461,2.85,3,1
215,560,1767,2.4,0,0
118,486,1320,4.08,0,0
286,894,1478,0.42,3,0
161,81,1022,1.48,2,0
162,234,1119,1.32,4,0
258,134,189,2.65,3,0
443,473,998,4.65,5,1
368,731,1021,4.13,0,0
388,425,1681,4.39,4,1
151,189,1203,0.38,2,0
336,82,885,2.56,3,0
143,666,972,3.24,5,1
273,866,225,3.28,0,0
124,800,1010,3.32,4,1
40,526,356,3.5,5,1
103,105,282,3.34,5,0
346,277,898,4.64,0,0
202,749,347,2.31,5,0
223,802,1053,4.64,5,1
334,367,298,1.82,5,0
130,443,1614,3.64,5,1
166,312,1862,1.91,1,0
150,797,991,1.45,0,0
437,596,447,0.86,2,0
92,138,630,4.16,3,0
58,381,1300,0.69,4,1
396,216,779,3.59,3,0
315,425,491,2.61,5,0
60,683,399,1.51,5,1
216,779,1752,1.38,2,0
154,884,1280,0.46,4,0
119,252,883,3.53,0,0
151,315,339,2.99,5,0
86,802,167,2.3,1,0
86,420,229,3.92,5,1
158,98,1661,3.83,0,0
329,113,278,4.42,4,0
422,490,1194,2.82,0,0
394,528,1308,1.73,0,0
38,443,1753,2.46,0,0
90,313,337,2.67,1,0
169,86,819,2.02,1,0
108,519,1258,2.72,5,1
237,843,1613,1.44,0,0
382,884,173,3.32,4,0
102,74,820,3.53,2,0
300,918,1634,2.32,0,0
257,191,1844,3.45,4,1
159,879,1341,2.26,3,1
208,257,1367,3.42,0,0
274,621,1131,2.57,3,1
460,275,636,3.06,5,0
114,298,1237,1.78,1,0
108,810,527,4.55,3,1
410,694,1593,2.86,4,1
273,322,1287,1.05,2,0
78,139,179,2.61,4,0
319,456,1023,3.0,5,1
144,711,1566,1.4,2,1
385,828,343,2.15,0,0
251,783,932,0.47,2,0
397,922,354,4.42,5,0
394,309,912,2.65,1,0
37,784,772,4.11,5,1
110,766,1594,3.39,3,1
374,163,248,4.29,3,0
217,313,888,2.68,3,0
63,627,972,3.04,3,1
435,841,1507,3.03,1,0
107,747,1241,4.2,1,1
308,746,1767,3.7,5,1
214,277,149,0.65,4,0
193,779,1014,0.73,1,0
323,840,947,3.17,5,1
244,500,497,1.95,2,0
212,298,1861,3.14,4,1
134,501,1790,0.61,2,0
466,534,210,0.47,4,0
125,70,1545,1.72,0,0
123,284,744,1.56,1,0
245,565,173,4.14,0,0
114,333,417,0.96,4,0
380,666,352,0.9,1,0
192,710,1620,1.8,5,1
291,612,1012,4.52,0,0
47,277,387,3.56,5,1
175,271,747,4.24,2,0
73,133,869,4.2,4,1
318,612,1246,0.53,0,0
143,83,1497,2.98,1,0
347,93,1858,4.05,0,0
413,794,872,3.61,0,0
163,784,1610,3.38,2,1
169,604,424,2.01,3,0
166,743,275,2.97,4,0
461,158,1567,3.78,1,0
93,649,1725,2.24,4,1
379,859,1366,0.61,1,0
424,847,1861,2.06,4,1
354,578,441,3.01,5,0
98,786,670,2.74,4,1
454,722,903,4.55,5,1
400,287,1410,0.98,4,0
446,684,1781,2.74,2,0
216,471,998,1.37,4,0
331,374,347,3.6,0,0
60,404,1327,0.58,5,1
53,421,1845,0.51,2,0
380,139,841,2.58,0,0
371,233,1606,4.53,1,0
177,114,1714,3.08,1,0
354,555,397,4.49,1,0
139,838,1322,3.55,5,1
426,565,1406,4.49,5,1
119,409,558,2.89,4,1
416,879,1013,3.66,0,0
430,897,196,2.27,3,0
46,809,1506,0.72,5,1
327,756,249,3.85,3,0
435,466,827,1.09,3,0
250,814,1795,1.49,4,1
270,68,1239,2.31,1,0
382,483,1854,3.89,1,0
242,716,336,2.54,2,0
435,170,1536,2.98,5,0
154,477,1463,2.29,5,1
350,496,1729,4.33,5,1
250,256,338,1.49,1,0
335,368,1563,1.53,4,0
87,626,161,4.56,2,0
356,474,190,4.07,0,0
123,358,336,0.97,4,0
53,846,1787,2.53,3,1
65,227,1628,1.07,5,1
61,103,612,1.2,0,0
92,747,1462,3.92,2,1
256,138,740,3.88,4,0
243,846,1571,2.38,4,1
60,795,434,0.43,0,0
320,650,1411,3.72,0,0
298,324,1752,3.16,3,0
307,303,1119,3.42,1,0
103,896,1257,3.56,1,1
429,744,407,2.07,1,0
55,543,423,3.4,3,1
231,536,645,4.1,0,0
90,408,228,0.98,5,0
304,787,661,2.16,1,0
78,377,177,0.79,5,0
363,290,1074,1.04,0,0
422,98,1433,1.63,4,0
320,922,1640,3.8,0,0
167,837,966,4.1,4,1
345,300,1864,2.33,3,0
181,776,641,0.5,0,0
322,842,1641,2.82,4,1
131,525,1034,0.87,3,0
58,905,764,3.9,3,1
368,621,687,4.44,1,0
353,439,160,3.02,0,0
463,169,1748,4.65,3,0
389,175,1417,0.84,2,0
40,395,995,2.33,4,1
152,924,203,2.48,2,0
312,370,258,3.45,5,0
191,140,1840,2.85,4,0
233,727,676,1.59,1,0
290,468,153,3.44,0,0
360,236,1838,2.86,4,0
287,821,801,2.93,1,0
330,447,958,2.09,2,0
377,307,480,3.79,1,0
465,806,1846,0.77,1,0
191,276,729,4.65,1,0
423,551,1448,4.32,1,0
240,291,306,4.23,2,0
337,199,1716,1.75,4,0
188,333,963,2.05,2,0
160,124,1832,1.78,5,0
199,835,227,1.05,1,0
141,841,580,2.31,2,0
311,808,928,0.8,5,0
162,571,561,3.55,5,1
158,256,842,3.44,2,0
353,671,1772,2.41,3,1
377,647,723,4.2,4,1
398,899,554,2.7,1,0
228,539,1197,2.81,3,1
92,267,447,1.13,1,0
105,756,1012,4.51,5,1
320,93,900,3.05,4,0
410,235,873,3.06,5,0
340,518,1304,1.4,1,0
67,602,764,4.33,5,1
102,872,167,4.0,0,0
312,740,1704,3.8,0,0
365,852,1518,0.53,5,0
232,386,313,3.11,0,0
245,169,415,2.02,0,0
233,561,1369,2.31,2,0
252,348,1608,1.51,4,0
86,397,750,3.87,1,0
248,305,1192,4.22,5,1
179,540,515,4.28,0,0
283,479,300,4.02,2,0
407,392,1658,3.14,1,0
90,848,1421,4.24,5,1
137,205,1155,0.56,3,0
243,227,700,4.16,4,0
395,361,1726,0.74,0,0
215,677,632,3.2,1,0
255,532,1420,1.86,3,0
95,75,1352,3.07,2,0
65,478,432,2.17,1,0
461,598,616,0.73,3,0
161,359,1443,4.03,1,0
453,110,1771,0.92,4,0
73,874,577,3.06,3,1
349,757,141,4.13,4,0
233,446,702,4.34,3,0
294,437,370,3.2,5,0
156,622,1214,3.1,0,0
196,560,1406,0.37,1,0
384,464,1379,0.41,5,0
384,804,1743,3.53,2,1
287,828,1152,0.41,5,0
255,338,185,1.14,3,0
312,749,220,3.72,1,0
301,71,1348,2.1,5,0
456,703,454,2.52,0,0
357,544,1192,2.77,4,1
115,322,1755,3.05,0,0
388,548,1528,0.52,4,0
321,208,1483,3.2,5,0
196,709,330,3.19,0,0
402,112,1574,3.71,1,0
461,92,778,3.7,2,0
375,629,1570,1.85,1,0
369,745,494,1.91,4,0
324,598,383,2.22,1,0
194,516,490,2.45,3,0
43,869,557,2.23,0,0
454,295,1440,2.37,1,0
366,137,1359,2.25,3,0
87,577,1425,2.84,0,0
344,460,1247,3.27,5,1
53,676,1396,1.63,0,0
345,917,1356,1.78,3,1
415,357,1435,2.17,1,0
127,510,311,1.01,0,0
302,131,556,1.33,3,0
449,904,892,4.48,4,1
148,165,1061,4.45,4,1
113,582,1390,1.88,4,1
367,210,1623,2.37,4,0
455,478,302,1.71,1,0
144,314,1436,0.38,5,0
396,661,1400,2.88,5,1
450,541,1619,0.64,0,0
179,614,641,4.2,0,0
381,141,624,3.92,2,0
427,496,1265,1.68,4,0
217,806,1228,0.83,0,0
459,807,1200,0.75,3,0
69,372,1633,4.56,2,1
463,673,1474,1.59,2,0
355,449,1847,0.52,2,0
79,218,677,4.27,3,1
190,377,1813,3.32,3,1
169,159,194,1.85,5,0
149,696,173,1.76,3,0
200,874,1696,0.9,1,0
467,204,1821,1.58,2,0
101,249,1504,4.11,3,1
312,412,1157,3.99,3,0
462,898,1666,0.45,3,0
309,637,1393,2.9,3,1
180,757,1220,3.46,2,1
250,856,1142,4.65,3,1
409,349,871,4.6,0,0
67,822,1268,4.41,2,1
248,452,965,3.6,3,1
467,707,755,4.2,0,0
302,487,1841,2.85,2,0
466,554,433,3.82,0,0
225,385,511,2.92,0,0
130,626,1637,4.07,5,1
344,254,163,4.07,2,0
208,747,817,3.11,2,0
437,307,1627,1.88,3,0
111,914,889,1.58,4,1
126,186,1867,1.13,3,0
413,650,805,2.53,0,0
424,475,1529,4.31,2,0
202,637,1388,1.62,5,1
337,670,905,3.25,1,0
122,863,687,2.22,3,1
454,90,1615,2.38,4,0
202,557,1494,0.9,2,0
234,499,1726,0.64,1,0
150,820,868,4.35,0,0
281,116,1643,4.63,2,0
358,919,1710,3.67,3,1
36,556,863,3.43,2,1
85,437,802,0.9,3,0
118,799,1448,1.05,1,0
373,449,1081,1.95,1,0
353,503,237,3.64,5,0
209,461,667,4.25,3,1
327,770,1519,2.03,5,1
331,672,709,4.46,4,1
374,460,781,0.42,4,0
423,229,395,2.16,3,0
280,893,299,3.74,4,0
290,881,1268,1.04,5,1
194,277,1819,0.73,3,0
314,647,1404,2.22,1,0
311,809,301,2.81,5,0
261,720,958,1.64,0,0
159,110,992,1.01,0,0
184,360,668,0.93,2,0
218,846,1773,1.55,3,1
127,576,535,4.15,2,1
230,737,172,1.66,2,0
73,878,1029,1.3,3,1
332,622,653,3.39,0,0
321,444,818,0.91,1,0
450,199,1323,2.55,5,0
201,195,1830,2.25,4,0
337,859,1571,1.89,2,0
104,753,960,0.78,4,1
353,833,690,2.41,1,0
228,728,1251,4.25,1,0
36,908,1855,1.7,1,1
268,118,776,0.57,0,0
375,151,635,1.84,0,0
209,354,1800,2.61,5,1
350,518,701,0.96,1,0
272,163,382,0.45,3,0
377,401,650,0.72,0,0
128,885,1513,3.87,0,0
181,382,1402,4.4,2,1
237,485,1292,4.59,3,1
140,770,1661,3.14,0,0
363,353,341,3.77,1,0
46,699,1054,0.66,3,1
116,766,619,2.18,4,1
420,683,1660,3.22,4,1
266,132,1591,4.17,3,0
219,124,1481,3.06,5,0
404,134,811,3.08,0,0
298,712,1304,2.96,0,0
411,330,1037,3.4,0,0
217,691,618,1.51,2,0
274,549,315,3.41,3,0
460,738,230,4.54,0,0
198,675,1499,3.83,1,1
346,159,311,1.36,2,0
392,760,1443,4.49,5,1
75,541,488,3.74,4,1
209,628,1800,1.46,0,0
423,503,399,2.6,0,0
93,890,1445,2.66,2,1
407,126,333,3.82,4,0
379,488,599,0.66,1,0
372,518,421,3.37,0,0
214,377,1020,4.4,0,0
303,230,1558,3.25,0,0
266,879,1520,2.65,4,1
345,586,1006,3.76,4,1
181,896,1348,3.62,2,1
440,176,1680,4.04,0,0
279,698,1473,2.85,2,1
396,113,1237,1.34,3,0
124,198,1801,2.49,3,1
48,683,1291,3.71,3,1
429,815,1708,0.38,0,0
112,90,1830,2.71,0,0
244,527,1607,1.33,0,0
308,797,772,3.65,5,1
117,664,912,1.93,4,1
152,443,826,4.5,2,1
383,810,318,1.23,5,0
191,269,630,3.08,5,0
257,371,459,4.08,5,0
314,763,1845,1.0,5,1
399,414,415,3.11,0,0
351,450,1057,3.4,4,0
50,524,1771,3.88,3,1
104,371,506,3.11,0,0
42,670,1560,3.83,1,1
337,796,1467,3.57,2,1
304,690,1196,2.04,0,0
275,302,918,4.24,4,0
62,802,614,1.11,2,0
425,463,1452,2.35,5,0
366,462,978,3.85,5,1
205,103,1114,4.32,3,0
185,463,684,4.39,1,0
244,880,1611,1.83,1,0
428,393,1638,0.51,4,0
407,336,196,4.26,5,0
301,653,986,3.91,1,0
367,154,182,2.57,0,0
297,209,1405,1.48,2,0
251,589,200,2.45,3,0
438,720,925,0.5,2,0
371,701,1171,2.52,2,0
269,72,1723,4.45,4,0
392,322,153,3.57,2,0
254,262,1596,0.63,1,0
459,548,165,2.26,5,0
48,156,1027,1.5,1,0
110,530,881,3.55,1,0
223,624,1008,2.74,1,0
169,549,1340,4.25,3,1
411,248,1470,2.9,5,0
43,286,1264,2.39,4,1
304,127,1584,3.36,4,0
45,690,698,0.42,4,0
110,465,1291,2.6,2,1
314,918,478,2.7,3,0
281,795,922,4.28,0,0
249,355,156,4.24,2,0
205,148,1380,4.22,3,0
285,899,1216,4.1,5,1
195,237,399,2.72,2,0
146,736,198,1.42,0,0
368,121,601,4.33,4,0
65,797,1158,2.31,0,0
279,122,1794,0.8,2,0
218,626,1260,0.64,5,0
101,68,1236,1.59,3,0
415,829,958,0.94,1,0
302,454,235,2.8,4,0
81,656,956,3.13,1,1
248,543,795,4.5,2,0
189,189,1743,1.07,3,0
412,207,268,3.93,3,0
198,652,1248,1.89,5,1
459,859,1717,4.44,4,1
465,569,314,2.78,5,0
376,305,531,1.87,2,0
230,261,672,0.53,4,0
428,295,1863,2.65,3,0
156,787,1350,4.11,3,1
392,318,1388,1.1,2,0
411,463,1651,2.37,2,0
322,751,1177,4.15,0,0
384,178,786,0.7,2,0
461,201,1512,1.65,1,0
414,827,1726,2.44,3,1
188,374,228,3.72,1,0
440,775,823,2.74,2,0
405,905,237,3.81,0,0
386,836,298,4.0,4,0
55,894,833,1.11,5,1
104,314,1174,1.93,5,1
224,834,1274,0.89,1,0
419,779,1099,1.84,0,0
87,917,1161,1.9,5,1
41,533,408,0.85,4,0
198,266,1804,4.31,4,1
218,389,193,2.51,3,0
166,860,519,1.12,0,0
243,434,847,1.87,0,0
341,881,758,4.48,5,1
248,607,218,3.05,5,0
155,584,982,4.32,1,0
435,157,422,2.28,1,0
180,824,325,2.98,4,0
403,807,319,0.82,5,0
306,524,1347,2.25,2,0
291,107,1102,3.17,3,0
385,751,1356,2.0,5,1
361,470,1824,3.03,0,0
348,277,135,1.14,5,0
352,763,1434,2.88,3,1
376,458,894,2.85,3,0
69,363,1171,3.95,4,1
294,237,1867,2.76,5,1
358,792,719,1.76,2,0
84,178,1409,2.02,0,0
118,132,1760,2.13,2,0
257,868,344,1.08,5,0
195,134,1861,3.08,3,0
267,707,181,3.59,0,0
313,187,579,3.85,1,0
359,97,561,2.69,2,0
176,899,1681,0.37,2,0
301,301,1062,4.15,1,0
59,661,317,0.43,0,0
445,817,1434,1.02,2,0
427,431,192,3.89,1,0
173,519,1834,3.17,0,0
397,288,135,1.99,3,0
384,617,967,4.02,3,1
245,416,1200,2.0,5,1
424,365,865,3.71,2,0
196,851,1198,2.42,1,0
391,634,1456,2.47,5,1
420,430,1010,3.58,0,0
222,632,1081,3.52,2,1
299,733,169,1.18,3,0
324,919,971,3.24,0,0
452,596,1777,0.9,4,0
411,108,683,2.77,2,0
420,718,1876,1.02,4,0
230,631,995,1.14,3,0
425,707,1036,3.14,3,0
92,613,692,3.0,1,0
235,883,303,2.84,4,0
213,382,923,1.26,5,0
246,342,641,0.71,4,0
282,670,1645,3.9,0,0
237,730,646,0.68,3,0
316,398,1462,3.1,4,1
271,794,1425,2.03,2,0
423,304,1868,2.12,3,0
345,255,240,3.07,2,0
94,843,740,1.71,1,0
129,846,875,1.61,0,0
234,630,545,2.32,0,0
245,685,566,2.35,3,0
414,517,1668,0.87,2,0
452,830,472,0.82,3,0
320,468,220,1.31,3,0
83,838,882,4.57,1,1
211,89,1442,0.47,4,0
312,384,604,4.06,3,0
197,120,641,2.62,3,0
187,432,327,3.75,5,0
227,669,581,4.17,1,0
302,593,535,3.53,3,0
141,209,1857,2.75,2,0
376,437,941,2.32,3,0
396,73,821,4.04,2,0
350,847,1025,0.67,5,0
223,490,1720,3.26,3,1
219,158,172,1.91,4,0
106,560,506,1.97,1,0
106,582,1753,0.46,0,0
323,206,447,1.93,2,0
191,538,1029,2.3,2,0
407,927,859,0.93,4,0
106,192,1688,1.22,4,0
222,820,1382,1.08,4,1
124,683,683,1.75,4,1
70,858,1398,1.81,3,1
444,860,748,3.27,0,0
143,771,1231,1.66,4,1
277,172,1286,0.91,1,0
427,202,1482,2.62,3,0
244,167,1528,4.53,2,0
44,189,1726,2.69,5,1
257,81,1659,0.68,0,0
203,745,839,2.85,5,1
149,557,591,1.39,4,0
47,413,930,3.02,2,1
230,188,1363,3.26,0,0
261,637,809,3.03,4,1
277,834,1306,0.66,4,0
332,422,526,1.01,1,0
422,419,606,4.45,0,0
268,740,466,3.88,3,0
116,75,296,3.47,1,0
69,908,781,3.28,3,1
437,290,769,1.55,2,0
336,786,253,0.55,3,0
121,442,1215,0.68,2,0
291,351,845,2.62,1,0
45,689,1377,3.03,2,1
203,796,1618,2.75,4,1
222,95,814,2.97,5,0
365,886,1489,1.55,2,0
138,78,1722,3.78,5,0
271,659,1813,1.13,5,1
128,73,378,1.29,1,0
302,217,1785,1.3,1,0
317,490,994,4.61,4,1
289,387,1873,0.87,2,0
71,468,318,4.09,0,0
